Workbook

Sheet Sheet1
A1: Day | B1: Timing | C1: Team 1 | D1: Team 2 | G1: Format | H1: Participant 1 | I1: Participant 2 | J1: Winner | K1: Score | L1: Winning Team
A2: Day 1 | B2: Lunch Break | C2: A1 | D2: A2 | F2: A1+A2 | G2: Women's Singles | H2: =INDEX('[1]Team & Players'!$C$2:$C$7,MATCH(C2,'[1]Team & Players'!$A$2:$A$7,0)) -> Amrutha | I2: =INDEX('[1]Team & Players'!$C$2:$C$7,MATCH(D2,'[1]Team & Players'!$A$2:$A$7,0)) -> Vaishnavi M | L2: =IF(J2="","",IF(J2=H2,C2,D2))
A3: Day 1 | B3: Lunch Break | C3: A1 | D3: A2 | F3: A1+A2 | G3: Women's Doubles | H3: =INDEX('[1]Team & Players'!$C$2:$C$7,MATCH(C3,'[1]Team & Players'!$A$2:$A$7,0))&" + "&INDEX('[1]Team & Players'!$D$2:$D$7,MATCH(C3,'[1]Team & Players'!$A$2:$A$7,0)) -> Amrutha + Neha | I3: =INDEX('[1]Team & Players'!$C$2:$C$7,MATCH(D3,'[1]Team & Players'!$A$2:$A$7,0))&" + "&INDEX('[1]Team & Players'!$D$2:$D$7,MATCH(D3,'[1]Team & Players'!$A$2:$A$7,0)) -> Vaishnavi M + Keerthana | L3: =IF(J3="","",IF(J3=H3,C3,D3))
A4: Day 1 | B4: Lunch Break | C4: A1 | D4: A2 | F4: A1+A2 | G4: Mixed Doubles | H4: =INDEX('[1]Team & Players'!$D$2:$D$7,MATCH(C4,'[1]Team & Players'!$A$2:$A$7,0))&" + "&INDEX('[1]Team & Players'!$K$2:$K$7,MATCH(C4,'[1]Team & Players'!$A$2:$A$7,0)) -> Neha + Dhruv Jaju | I4: =INDEX('[1]Team & Players'!$D$2:$D$7,MATCH(D4,'[1]Team & Players'!$A$2:$A$7,0))&" + "&INDEX('[1]Team & Players'!$K$2:$K$7,MATCH(D4,'[1]Team & Players'!$A$2:$A$7,0)) -> Keerthana + Abhiram | L4: =IF(J4="","",IF(J4=H4,C4,D4))
A5: Day 1 | B5: Lunch Break | C5: A1 | D5: A2 | F5: A1+A2 | G5: Men's Singles 1 | H5: =INDEX('[1]Team & Players'!$E$2:$E$7,MATCH(C5,'[1]Team & Players'!$A$2:$A$7,0)) -> Saurabh | I5: =INDEX('[1]Team & Players'!$E$2:$E$7,MATCH(D5,'[1]Team & Players'!$A$2:$A$7,0)) -> Dhruv C | L5: =IF(J5="","",IF(J5=H5,C5,D5))
A6: Day 1 | B6: Lunch Break | C6: A1 | D6: A2 | F6: A1+A2 | G6: Men's Singles 2 | H6: =INDEX('[1]Team & Players'!$F$2:$F$7,MATCH(C6,'[1]Team & Players'!$A$2:$A$7,0)) -> Aman Doshi | I6: =INDEX('[1]Team & Players'!$F$2:$F$7,MATCH(D6,'[1]Team & Players'!$A$2:$A$7,0)) -> Avaneesh | L6: =IF(J6="","",IF(J6=H6,C6,D6))
A7: Day 1 | B7: Lunch Break | C7: A1 | D7: A2 | F7: A1+A2 | G7: Men's Doubles 1 | H7: =INDEX('[1]Team & Players'!$G$2:$G$7,MATCH(C7,'[1]Team & Players'!$A$2:$A$7,0))&" + "&INDEX('[1]Team & Players'!$H$2:$H$7,MATCH(C7,'[1]Team & Players'!$A$2:$A$7,0)) -> Nikhil M + Jinendar | I7: =INDEX('[1]Team & Players'!$G$2:$G$7,MATCH(D7,'[1]Team & Players'!$A$2:$A$7,0))&" + "&INDEX('[1]Team & Players'!$H$2:$H$7,MATCH(D7,'[1]Team & Players'!$A$2:$A$7,0)) -> Kushal + Shubham | L7: =IF(J7="","",IF(J7=H7,C7,D7))
A8: Day 1 | B8: Lunch Break | C8: A1 | D8: A2 | F8: A1+A2 | G8: Men's Doubles 2 | H8: =INDEX('[1]Team & Players'!$I$2:$I$7,MATCH(C8,'[1]Team & Players'!$A$2:$A$7,0))&" + "&INDEX('[1]Team & Players'!$J$2:$J$7,MATCH(C8,'[1]Team & Players'!$A$2:$A$7,0)) -> Sreesha + Manan | I8: =INDEX('[1]Team & Players'!$I$2:$I$7,MATCH(D8,'[1]Team & Players'!$A$2:$A$7,0))&" + "&INDEX('[1]Team & Players'!$J$2:$J$7,MATCH(D8,'[1]Team & Players'!$A$2:$A$7,0)) -> Yuvraj + Karthik KB | L8: =IF(J8="","",IF(J8=H8,C8,D8))
A9: Day 1 | B9: Post Office Hours | C9: A3 | D9: B3 | F9: A3+B3 | G9: Women's Singles | H9: =INDEX('[1]Team & Players'!$C$2:$C$7,MATCH(C9,'[1]Team & Players'!$A$2:$A$7,0)) -> Mamta | I9: =INDEX('[1]Team & Players'!$C$2:$C$7,MATCH(D9,'[1]Team & Players'!$A$2:$A$7,0)) -> Neha P Jain | L9: =IF(J9="","",IF(J9=H9,C9,D9))
A10: Day 1 | B10: Post Office Hours | C10: A3 | D10: B3 | F10: A3+B3 | G10: Women's Doubles | H10: =INDEX('[1]Team & Players'!$C$2:$C$7,MATCH(C10,'[1]Team & Players'!$A$2:$A$7,0))&" + "&INDEX('[1]Team & Players'!$D$2:$D$7,MATCH(C10,'[1]Team & Players'!$A$2:$A$7,0)) -> Mamta + Rithu | I10: =INDEX('[1]Team & Players'!$C$2:$C$7,MATCH(D10,'[1]Team & Players'!$A$2:$A$7,0))&" + "&INDEX('[1]Team & Players'!$D$2:$D$7,MATCH(D10,'[1]Team & Players'!$A$2:$A$7,0)) -> Neha P Jain + Drishti | L10: =IF(J10="","",IF(J10=H10,C10,D10))
A11: Day 1 | B11: Post Office Hours | C11: A3 | D11: B3 | F11: A3+B3 | G11: Mixed Doubles | H11: =INDEX('[1]Team & Players'!$D$2:$D$7,MATCH(C11,'[1]Team & Players'!$A$2:$A$7,0))&" + "&INDEX('[1]Team & Players'!$K$2:$K$7,MATCH(C11,'[1]Team & Players'!$A$2:$A$7,0)) -> Rithu + Darshan Patel | I11: =INDEX('[1]Team & Players'!$D$2:$D$7,MATCH(D11,'[1]Team & Players'!$A$2:$A$7,0))&" + "&INDEX('[1]Team & Players'!$K$2:$K$7,MATCH(D11,'[1]Team & Players'!$A$2:$A$7,0)) -> Drishti + Sanath | L11: =IF(J11="","",IF(J11=H11,C11,D11))
A12: Day 1 | B12: Post Office Hours | C12: A3 | D12: B3 | F12: A3+B3 | G12: Men's Singles 1 | H12: =INDEX('[1]Team & Players'!$E$2:$E$7,MATCH(C12,'[1]Team & Players'!$A$2:$A$7,0)) -> Sujal | I12: =INDEX('[1]Team & Players'!$E$2:$E$7,MATCH(D12,'[1]Team & Players'!$A$2:$A$7,0)) -> Anshul | L12: =IF(J12="","",IF(J12=H12,C12,D12))
A13: Day 1 | B13: Post Office Hours | C13: A3 | D13: B3 | F13: A3+B3 | G13: Men's Singles 2 | H13: =INDEX('[1]Team & Players'!$F$2:$F$7,MATCH(C13,'[1]Team & Players'!$A$2:$A$7,0)) -> Niraj Salot | I13: =INDEX('[1]Team & Players'!$F$2:$F$7,MATCH(D13,'[1]Team & Players'!$A$2:$A$7,0)) -> Navtej | L13: =IF(J13="","",IF(J13=H13,C13,D13))
A14: Day 1 | B14: Post Office Hours | C14: A3 | D14: B3 | F14: A3+B3 | G14: Men's Doubles 1 | H14: =INDEX('[1]Team & Players'!$G$2:$G$7,MATCH(C14,'[1]Team & Players'!$A$2:$A$7,0))&" + "&INDEX('[1]Team & Players'!$H$2:$H$7,MATCH(C14,'[1]Team & Players'!$A$2:$A$7,0)) -> Kunal D + Anirudha H | I14: =INDEX('[1]Team & Players'!$G$2:$G$7,MATCH(D14,'[1]Team & Players'!$A$2:$A$7,0))&" + "&INDEX('[1]Team & Players'!$H$2:$H$7,MATCH(D14,'[1]Team & Players'!$A$2:$A$7,0)) -> Nagarajan + Chandrashaker Joshi | L14: =IF(J14="","",IF(J14=H14,C14,D14))
A15: Day 1 | B15: Post Office Hours | C15: A3 | D15: B3 | F15: A3+B3 | G15: Men's Doubles 2 | H15: =INDEX('[1]Team & Players'!$I$2:$I$7,MATCH(C15,'[1]Team & Players'!$A$2:$A$7,0))&" + "&INDEX('[1]Team & Players'!$J$2:$J$7,MATCH(C15,'[1]Team & Players'!$A$2:$A$7,0)) -> Sarvesh H + Deviprasad | I15: =INDEX('[1]Team & Players'!$I$2:$I$7,MATCH(D15,'[1]Team & Players'!$A$2:$A$7,0))&" + "&INDEX('[1]Team & Players'!$J$2:$J$7,MATCH(D15,'[1]Team & Players'!$A$2:$A$7,0)) -> Rohan + Bhuvanesh | L15: =IF(J15="","",IF(J15=H15,C15,D15))
A16: Day 2 | B16: Lunch Break | C16: B1 | D16: B2 | F16: B1+B2 | G16: Women's Singles | H16: =INDEX('[1]Team & Players'!$C$2:$C$7,MATCH(C16,'[1]Team & Players'!$A$2:$A$7,0)) -> Subashree | I16: =INDEX('[1]Team & Players'!$C$2:$C$7,MATCH(D16,'[1]Team & Players'!$A$2:$A$7,0)) -> Riya | L16: =IF(J16="","",IF(J16=H16,C16,D16))
A17: Day 2 | B17: Lunch Break | C17: B1 | D17: B2 | F17: B1+B2 | G17: Women's Doubles | H17: =INDEX('[1]Team & Players'!$C$2:$C$7,MATCH(C17,'[1]Team & Players'!$A$2:$A$7,0))&" + "&INDEX('[1]Team & Players'!$D$2:$D$7,MATCH(C17,'[1]Team & Players'!$A$2:$A$7,0)) -> Subashree + Sanjana | I17: =INDEX('[1]Team & Players'!$C$2:$C$7,MATCH(D17,'[1]Team & Players'!$A$2:$A$7,0))&" + "&INDEX('[1]Team & Players'!$D$2:$D$7,MATCH(D17,'[1]Team & Players'!$A$2:$A$7,0)) -> Riya + Yukti | L17: =IF(J17="","",IF(J17=H17,C17,D17))
A18: Day 2 | B18: Lunch Break | C18: B1 | D18: B2 | F18: B1+B2 | G18: Mixed Doubles | H18: =INDEX('[1]Team & Players'!$D$2:$D$7,MATCH(C18,'[1]Team & Players'!$A$2:$A$7,0))&" + "&INDEX('[1]Team & Players'!$K$2:$K$7,MATCH(C18,'[1]Team & Players'!$A$2:$A$7,0)) -> Sanjana + Bharatha S | I18: =INDEX('[1]Team & Players'!$D$2:$D$7,MATCH(D18,'[1]Team & Players'!$A$2:$A$7,0))&" + "&INDEX('[1]Team & Players'!$K$2:$K$7,MATCH(D18,'[1]Team & Players'!$A$2:$A$7,0)) -> Yukti + Niranjan | L18: =IF(J18="","",IF(J18=H18,C18,D18))
A19: Day 2 | B19: Lunch Break | C19: B1 | D19: B2 | F19: B1+B2 | G19: Men's Singles 1 | H19: =INDEX('[1]Team & Players'!$E$2:$E$7,MATCH(C19,'[1]Team & Players'!$A$2:$A$7,0)) -> Naman | I19: =INDEX('[1]Team & Players'!$E$2:$E$7,MATCH(D19,'[1]Team & Players'!$A$2:$A$7,0)) -> Pavan D | L19: =IF(J19="","",IF(J19=H19,C19,D19))
A20: Day 2 | B20: Lunch Break | C20: B1 | D20: B2 | F20: B1+B2 | G20: Men's Singles 2 | H20: =INDEX('[1]Team & Players'!$F$2:$F$7,MATCH(C20,'[1]Team & Players'!$A$2:$A$7,0)) -> Jay B | I20: =INDEX('[1]Team & Players'!$F$2:$F$7,MATCH(D20,'[1]Team & Players'!$A$2:$A$7,0)) -> Vidwan | L20: =IF(J20="","",IF(J20=H20,C20,D20))
A21: Day 2 | B21: Lunch Break | C21: B1 | D21: B2 | F21: B1+B2 | G21: Men's Doubles 1 | H21: =INDEX('[1]Team & Players'!$G$2:$G$7,MATCH(C21,'[1]Team & Players'!$A$2:$A$7,0))&" + "&INDEX('[1]Team & Players'!$H$2:$H$7,MATCH(C21,'[1]Team & Players'!$A$2:$A$7,0)) -> Leela Sagar + Ali Akbar | I21: =INDEX('[1]Team & Players'!$G$2:$G$7,MATCH(D21,'[1]Team & Players'!$A$2:$A$7,0))&" + "&INDEX('[1]Team & Players'!$H$2:$H$7,MATCH(D21,'[1]Team & Players'!$A$2:$A$7,0)) -> Shravanth + Vrishin | L21: =IF(J21="","",IF(J21=H21,C21,D21))
A22: Day 2 | B22: Lunch Break | C22: B1 | D22: B2 | F22: B1+B2 | G22: Men's Doubles 2 | H22: =INDEX('[1]Team & Players'!$I$2:$I$7,MATCH(C22,'[1]Team & Players'!$A$2:$A$7,0))&" + "&INDEX('[1]Team & Players'!$J$2:$J$7,MATCH(C22,'[1]Team & Players'!$A$2:$A$7,0)) -> Khush B + Hemanth | I22: =INDEX('[1]Team & Players'!$I$2:$I$7,MATCH(D22,'[1]Team & Players'!$A$2:$A$7,0))&" + "&INDEX('[1]Team & Players'!$J$2:$J$7,MATCH(D22,'[1]Team & Players'!$A$2:$A$7,0)) -> Rohith + Darshan H | L22: =IF(J22="","",IF(J22=H22,C22,D22))
A23: Day 2 | B23: Post Office Hours | C23: A1 | D23: A3 | F23: A1+A3 | G23: Women's Singles | H23: =INDEX('[1]Team & Players'!$C$2:$C$7,MATCH(C23,'[1]Team & Players'!$A$2:$A$7,0)) -> Amrutha | I23: =INDEX('[1]Team & Players'!$C$2:$C$7,MATCH(D23,'[1]Team & Players'!$A$2:$A$7,0)) -> Mamta | L23: =IF(J23="","",IF(J23=H23,C23,D23))
A24: Day 2 | B24: Post Office Hours | C24: A1 | D24: A3 | F24: A1+A3 | G24: Women's Doubles | H24: =INDEX('[1]Team & Players'!$C$2:$C$7,MATCH(C24,'[1]Team & Players'!$A$2:$A$7,0))&" + "&INDEX('[1]Team & Players'!$D$2:$D$7,MATCH(C24,'[1]Team & Players'!$A$2:$A$7,0)) -> Amrutha + Neha | I24: =INDEX('[1]Team & Players'!$C$2:$C$7,MATCH(D24,'[1]Team & Players'!$A$2:$A$7,0))&" + "&INDEX('[1]Team & Players'!$D$2:$D$7,MATCH(D24,'[1]Team & Players'!$A$2:$A$7,0)) -> Mamta + Rithu | L24: =IF(J24="","",IF(J24=H24,C24,D24))
A25: Day 2 | B25: Post Office Hours | C25: A1 | D25: A3 | F25: A1+A3 | G25: Mixed Doubles | H25: =INDEX('[1]Team & Players'!$D$2:$D$7,MATCH(C25,'[1]Team & Players'!$A$2:$A$7,0))&" + "&INDEX('[1]Team & Players'!$K$2:$K$7,MATCH(C25,'[1]Team & Players'!$A$2:$A$7,0)) -> Neha + Dhruv Jaju | I25: =INDEX('[1]Team & Players'!$D$2:$D$7,MATCH(D25,'[1]Team & Players'!$A$2:$A$7,0))&" + "&INDEX('[1]Team & Players'!$K$2:$K$7,MATCH(D25,'[1]Team & Players'!$A$2:$A$7,0)) -> Rithu + Darshan Patel | L25: =IF(J25="","",IF(J25=H25,C25,D25))
A26: Day 2 | B26: Post Office Hours | C26: A1 | D26: A3 | F26: A1+A3 | G26: Men's Singles 1 | H26: =INDEX('[1]Team & Players'!$E$2:$E$7,MATCH(C26,'[1]Team & Players'!$A$2:$A$7,0)) -> Saurabh | I26: =INDEX('[1]Team & Players'!$E$2:$E$7,MATCH(D26,'[1]Team & Players'!$A$2:$A$7,0)) -> Sujal | L26: =IF(J26="","",IF(J26=H26,C26,D26))
A27: Day 2 | B27: Post Office Hours | C27: A1 | D27: A3 | F27: A1+A3 | G27: Men's Singles 2 | H27: =INDEX('[1]Team & Players'!$F$2:$F$7,MATCH(C27,'[1]Team & Players'!$A$2:$A$7,0)) -> Aman Doshi | I27: =INDEX('[1]Team & Players'!$F$2:$F$7,MATCH(D27,'[1]Team & Players'!$A$2:$A$7,0)) -> Niraj Salot | L27: =IF(J27="","",IF(J27=H27,C27,D27))
A28: Day 2 | B28: Post Office Hours | C28: A1 | D28: A3 | F28: A1+A3 | G28: Men's Doubles 1 | H28: =INDEX('[1]Team & Players'!$G$2:$G$7,MATCH(C28,'[1]Team & Players'!$A$2:$A$7,0))&" + "&INDEX('[1]Team & Players'!$H$2:$H$7,MATCH(C28,'[1]Team & Players'!$A$2:$A$7,0)) -> Nikhil M + Jinendar | I28: =INDEX('[1]Team & Players'!$G$2:$G$7,MATCH(D28,'[1]Team & Players'!$A$2:$A$7,0))&" + "&INDEX('[1]Team & Players'!$H$2:$H$7,MATCH(D28,'[1]Team & Players'!$A$2:$A$7,0)) -> Kunal D + Anirudha H | L28: =IF(J28="","",IF(J28=H28,C28,D28))
A29: Day 2 | B29: Post Office Hours | C29: A1 | D29: A3 | F29: A1+A3 | G29: Men's Doubles 2 | H29: =INDEX('[1]Team & Players'!$I$2:$I$7,MATCH(C29,'[1]Team & Players'!$A$2:$A$7,0))&" + "&INDEX('[1]Team & Players'!$J$2:$J$7,MATCH(C29,'[1]Team & Players'!$A$2:$A$7,0)) -> Sreesha + Manan | I29: =INDEX('[1]Team & Players'!$I$2:$I$7,MATCH(D29,'[1]Team & Players'!$A$2:$A$7,0))&" + "&INDEX('[1]Team & Players'!$J$2:$J$7,MATCH(D29,'[1]Team & Players'!$A$2:$A$7,0)) -> Sarvesh H + Deviprasad | L29: =IF(J29="","",IF(J29=H29,C29,D29))
A30: Day 3 | B30: Lunch Break | C30: A2 | D30: B1 | F30: A2+B1 | G30: Women's Singles | H30: =INDEX('[1]Team & Players'!$C$2:$C$7,MATCH(C30,'[1]Team & Players'!$A$2:$A$7,0)) -> Vaishnavi M | I30: =INDEX('[1]Team & Players'!$C$2:$C$7,MATCH(D30,'[1]Team & Players'!$A$2:$A$7,0)) -> Subashree | L30: =IF(J30="","",IF(J30=H30,C30,D30))
A31: Day 3 | B31: Lunch Break | C31: A2 | D31: B1 | F31: A2+B1 | G31: Women's Doubles | H31: =INDEX('[1]Team & Players'!$C$2:$C$7,MATCH(C31,'[1]Team & Players'!$A$2:$A$7,0))&" + "&INDEX('[1]Team & Players'!$D$2:$D$7,MATCH(C31,'[1]Team & Players'!$A$2:$A$7,0)) -> Vaishnavi M + Keerthana | I31: =INDEX('[1]Team & Players'!$C$2:$C$7,MATCH(D31,'[1]Team & Players'!$A$2:$A$7,0))&" + "&INDEX('[1]Team & Players'!$D$2:$D$7,MATCH(D31,'[1]Team & Players'!$A$2:$A$7,0)) -> Subashree + Sanjana | L31: =IF(J31="","",IF(J31=H31,C31,D31))
A32: Day 3 | B32: Lunch Break | C32: A2 | D32: B1 | F32: A2+B1 | G32: Mixed Doubles | H32: =INDEX('[1]Team & Players'!$D$2:$D$7,MATCH(C32,'[1]Team & Players'!$A$2:$A$7,0))&" + "&INDEX('[1]Team & Players'!$K$2:$K$7,MATCH(C32,'[1]Team & Players'!$A$2:$A$7,0)) -> Keerthana + Abhiram | I32: =INDEX('[1]Team & Players'!$D$2:$D$7,MATCH(D32,'[1]Team & Players'!$A$2:$A$7,0))&" + "&INDEX('[1]Team & Players'!$K$2:$K$7,MATCH(D32,'[1]Team & Players'!$A$2:$A$7,0)) -> Sanjana + Bharatha S | L32: =IF(J32="","",IF(J32=H32,C32,D32))
A33: Day 3 | B33: Lunch Break | C33: A2 | D33: B1 | F33: A2+B1 | G33: Men's Singles 1 | H33: =INDEX('[1]Team & Players'!$E$2:$E$7,MATCH(C33,'[1]Team & Players'!$A$2:$A$7,0)) -> Dhruv C | I33: =INDEX('[1]Team & Players'!$E$2:$E$7,MATCH(D33,'[1]Team & Players'!$A$2:$A$7,0)) -> Naman | L33: =IF(J33="","",IF(J33=H33,C33,D33))
A34: Day 3 | B34: Lunch Break | C34: A2 | D34: B1 | F34: A2+B1 | G34: Men's Singles 2 | H34: =INDEX('[1]Team & Players'!$F$2:$F$7,MATCH(C34,'[1]Team & Players'!$A$2:$A$7,0)) -> Avaneesh | I34: =INDEX('[1]Team & Players'!$F$2:$F$7,MATCH(D34,'[1]Team & Players'!$A$2:$A$7,0)) -> Jay B | L34: =IF(J34="","",IF(J34=H34,C34,D34))
A35: Day 3 | B35: Lunch Break | C35: A2 | D35: B1 | F35: A2+B1 | G35: Men's Doubles 1 | H35: =INDEX('[1]Team & Players'!$G$2:$G$7,MATCH(C35,'[1]Team & Players'!$A$2:$A$7,0))&" + "&INDEX('[1]Team & Players'!$H$2:$H$7,MATCH(C35,'[1]Team & Players'!$A$2:$A$7,0)) -> Kushal + Shubham | I35: =INDEX('[1]Team & Players'!$G$2:$G$7,MATCH(D35,'[1]Team & Players'!$A$2:$A$7,0))&" + "&INDEX('[1]Team & Players'!$H$2:$H$7,MATCH(D35,'[1]Team & Players'!$A$2:$A$7,0)) -> Leela Sagar + Ali Akbar | L35: =IF(J35="","",IF(J35=H35,C35,D35))
A36: Day 3 | B36: Lunch Break | C36: A2 | D36: B1 | F36: A2+B1 | G36: Men's Doubles 2 | H36: =INDEX('[1]Team & Players'!$I$2:$I$7,MATCH(C36,'[1]Team & Players'!$A$2:$A$7,0))&" + "&INDEX('[1]Team & Players'!$J$2:$J$7,MATCH(C36,'[1]Team & Players'!$A$2:$A$7,0)) -> Yuvraj + Karthik KB | I36: =INDEX('[1]Team & Players'!$I$2:$I$7,MATCH(D36,'[1]Team & Players'!$A$2:$A$7,0))&" + "&INDEX('[1]Team & Players'!$J$2:$J$7,MATCH(D36,'[1]Team & Players'!$A$2:$A$7,0)) -> Khush B + Hemanth | L36: =IF(J36="","",IF(J36=H36,C36,D36))
A37: Day 3 | B37: Post Office Hours | C37: B2 | D37: B3 | F37: B2+B3 | G37: Women's Singles | H37: =INDEX('[1]Team & Players'!$C$2:$C$7,MATCH(C37,'[1]Team & Players'!$A$2:$A$7,0)) -> Riya | I37: =INDEX('[1]Team & Players'!$C$2:$C$7,MATCH(D37,'[1]Team & Players'!$A$2:$A$7,0)) -> Neha P Jain | L37: =IF(J37="","",IF(J37=H37,C37,D37))
A38: Day 3 | B38: Post Office Hours | C38: B2 | D38: B3 | F38: B2+B3 | G38: Women's Doubles | H38: =INDEX('[1]Team & Players'!$C$2:$C$7,MATCH(C38,'[1]Team & Players'!$A$2:$A$7,0))&" + "&INDEX('[1]Team & Players'!$D$2:$D$7,MATCH(C38,'[1]Team & Players'!$A$2:$A$7,0)) -> Riya + Yukti | I38: =INDEX('[1]Team & Players'!$C$2:$C$7,MATCH(D38,'[1]Team & Players'!$A$2:$A$7,0))&" + "&INDEX('[1]Team & Players'!$D$2:$D$7,MATCH(D38,'[1]Team & Players'!$A$2:$A$7,0)) -> Neha P Jain + Drishti | L38: =IF(J38="","",IF(J38=H38,C38,D38))
A39: Day 3 | B39: Post Office Hours | C39: B2 | D39: B3 | F39: B2+B3 | G39: Mixed Doubles | H39: =INDEX('[1]Team & Players'!$D$2:$D$7,MATCH(C39,'[1]Team & Players'!$A$2:$A$7,0))&" + "&INDEX('[1]Team & Players'!$K$2:$K$7,MATCH(C39,'[1]Team & Players'!$A$2:$A$7,0)) -> Yukti + Niranjan | I39: =INDEX('[1]Team & Players'!$D$2:$D$7,MATCH(D39,'[1]Team & Players'!$A$2:$A$7,0))&" + "&INDEX('[1]Team & Players'!$K$2:$K$7,MATCH(D39,'[1]Team & Players'!$A$2:$A$7,0)) -> Drishti + Sanath | L39: =IF(J39="","",IF(J39=H39,C39,D39))
A40: Day 3 | B40: Post Office Hours | C40: B2 | D40: B3 | F40: B2+B3 | G40: Men's Singles 1 | H40: =INDEX('[1]Team & Players'!$E$2:$E$7,MATCH(C40,'[1]Team & Players'!$A$2:$A$7,0)) -> Pavan D | I40: =INDEX('[1]Team & Players'!$E$2:$E$7,MATCH(D40,'[1]Team & Players'!$A$2:$A$7,0)) -> Anshul | L40: =IF(J40="","",IF(J40=H40,C40,D40))
A41: Day 3 | B41: Post Office Hours | C41: B2 | D41: B3 | F41: B2+B3 | G41: Men's Singles 2 | H41: =INDEX('[1]Team & Players'!$F$2:$F$7,MATCH(C41,'[1]Team & Players'!$A$2:$A$7,0)) -> Vidwan | I41: =INDEX('[1]Team & Players'!$F$2:$F$7,MATCH(D41,'[1]Team & Players'!$A$2:$A$7,0)) -> Navtej | L41: =IF(J41="","",IF(J41=H41,C41,D41))
A42: Day 3 | B42: Post Office Hours | C42: B2 | D42: B3 | F42: B2+B3 | G42: Men's Doubles 1 | H42: =INDEX('[1]Team & Players'!$G$2:$G$7,MATCH(C42,'[1]Team & Players'!$A$2:$A$7,0))&" + "&INDEX('[1]Team & Players'!$H$2:$H$7,MATCH(C42,'[1]Team & Players'!$A$2:$A$7,0)) -> Shravanth + Vrishin | I42: =INDEX('[1]Team & Players'!$G$2:$G$7,MATCH(D42,'[1]Team & Players'!$A$2:$A$7,0))&" + "&INDEX('[1]Team & Players'!$H$2:$H$7,MATCH(D42,'[1]Team & Players'!$A$2:$A$7,0)) -> Nagarajan + Chandrashaker Joshi | L42: =IF(J42="","",IF(J42=H42,C42,D42))
A43: Day 3 | B43: Post Office Hours | C43: B2 | D43: B3 | F43: B2+B3 | G43: Men's Doubles 2 | H43: =INDEX('[1]Team & Players'!$I$2:$I$7,MATCH(C43,'[1]Team & Players'!$A$2:$A$7,0))&" + "&INDEX('[1]Team & Players'!$J$2:$J$7,MATCH(C43,'[1]Team & Players'!$A$2:$A$7,0)) -> Rohith + Darshan H | I43: =INDEX('[1]Team & Players'!$I$2:$I$7,MATCH(D43,'[1]Team & Players'!$A$2:$A$7,0))&" + "&INDEX('[1]Team & Players'!$J$2:$J$7,MATCH(D43,'[1]Team & Players'!$A$2:$A$7,0)) -> Rohan + Bhuvanesh | L43: =IF(J43="","",IF(J43=H43,C43,D43))
A44: Day 4 | B44: Lunch Break | C44: A1 | D44: B1 | F44: A1+B1 | G44: Women's Singles | H44: =INDEX('[1]Team & Players'!$C$2:$C$7,MATCH(C44,'[1]Team & Players'!$A$2:$A$7,0)) -> Amrutha | I44: =INDEX('[1]Team & Players'!$C$2:$C$7,MATCH(D44,'[1]Team & Players'!$A$2:$A$7,0)) -> Subashree | L44: =IF(J44="","",IF(J44=H44,C44,D44))
A45: Day 4 | B45: Lunch Break | C45: A1 | D45: B1 | F45: A1+B1 | G45: Women's Doubles | H45: =INDEX('[1]Team & Players'!$C$2:$C$7,MATCH(C45,'[1]Team & Players'!$A$2:$A$7,0))&" + "&INDEX('[1]Team & Players'!$D$2:$D$7,MATCH(C45,'[1]Team & Players'!$A$2:$A$7,0)) -> Amrutha + Neha | I45: =INDEX('[1]Team & Players'!$C$2:$C$7,MATCH(D45,'[1]Team & Players'!$A$2:$A$7,0))&" + "&INDEX('[1]Team & Players'!$D$2:$D$7,MATCH(D45,'[1]Team & Players'!$A$2:$A$7,0)) -> Subashree + Sanjana | L45: =IF(J45="","",IF(J45=H45,C45,D45))
A46: Day 4 | B46: Lunch Break | C46: A1 | D46: B1 | F46: A1+B1 | G46: Mixed Doubles | H46: =INDEX('[1]Team & Players'!$D$2:$D$7,MATCH(C46,'[1]Team & Players'!$A$2:$A$7,0))&" + "&INDEX('[1]Team & Players'!$K$2:$K$7,MATCH(C46,'[1]Team & Players'!$A$2:$A$7,0)) -> Neha + Dhruv Jaju | I46: =INDEX('[1]Team & Players'!$D$2:$D$7,MATCH(D46,'[1]Team & Players'!$A$2:$A$7,0))&" + "&INDEX('[1]Team & Players'!$K$2:$K$7,MATCH(D46,'[1]Team & Players'!$A$2:$A$7,0)) -> Sanjana + Bharatha S | L46: =IF(J46="","",IF(J46=H46,C46,D46))
A47: Day 4 | B47: Lunch Break | C47: A1 | D47: B1 | F47: A1+B1 | G47: Men's Singles 1 | H47: =INDEX('[1]Team & Players'!$E$2:$E$7,MATCH(C47,'[1]Team & Players'!$A$2:$A$7,0)) -> Saurabh | I47: =INDEX('[1]Team & Players'!$E$2:$E$7,MATCH(D47,'[1]Team & Players'!$A$2:$A$7,0)) -> Naman | L47: =IF(J47="","",IF(J47=H47,C47,D47))
A48: Day 4 | B48: Lunch Break | C48: A1 | D48: B1 | F48: A1+B1 | G48: Men's Singles 2 | H48: =INDEX('[1]Team & Players'!$F$2:$F$7,MATCH(C48,'[1]Team & Players'!$A$2:$A$7,0)) -> Aman Doshi | I48: =INDEX('[1]Team & Players'!$F$2:$F$7,MATCH(D48,'[1]Team & Players'!$A$2:$A$7,0)) -> Jay B | L48: =IF(J48="","",IF(J48=H48,C48,D48))
A49: Day 4 | B49: Lunch Break | C49: A1 | D49: B1 | F49: A1+B1 | G49: Men's Doubles 1 | H49: =INDEX('[1]Team & Players'!$G$2:$G$7,MATCH(C49,'[1]Team & Players'!$A$2:$A$7,0))&" + "&INDEX('[1]Team & Players'!$H$2:$H$7,MATCH(C49,'[1]Team & Players'!$A$2:$A$7,0)) -> Nikhil M + Jinendar | I49: =INDEX('[1]Team & Players'!$G$2:$G$7,MATCH(D49,'[1]Team & Players'!$A$2:$A$7,0))&" + "&INDEX('[1]Team & Players'!$H$2:$H$7,MATCH(D49,'[1]Team & Players'!$A$2:$A$7,0)) -> Leela Sagar + Ali Akbar | L49: =IF(J49="","",IF(J49=H49,C49,D49))
A50: Day 4 | B50: Lunch Break | C50: A1 | D50: B1 | F50: A1+B1 | G50: Men's Doubles 2 | H50: =INDEX('[1]Team & Players'!$I$2:$I$7,MATCH(C50,'[1]Team & Players'!$A$2:$A$7,0))&" + "&INDEX('[1]Team & Players'!$J$2:$J$7,MATCH(C50,'[1]Team & Players'!$A$2:$A$7,0)) -> Sreesha + Manan | I50: =INDEX('[1]Team & Players'!$I$2:$I$7,MATCH(D50,'[1]Team & Players'!$A$2:$A$7,0))&" + "&INDEX('[1]Team & Players'!$J$2:$J$7,MATCH(D50,'[1]Team & Players'!$A$2:$A$7,0)) -> Khush B + Hemanth | L50: =IF(J50="","",IF(J50=H50,C50,D50))
A51: Day 4 | B51: Post Office Hours | C51: A3 | D51: B2 | F51: A3+B2 | G51: Women's Singles | H51: =INDEX('[1]Team & Players'!$C$2:$C$7,MATCH(C51,'[1]Team & Players'!$A$2:$A$7,0)) -> Mamta | I51: =INDEX('[1]Team & Players'!$C$2:$C$7,MATCH(D51,'[1]Team & Players'!$A$2:$A$7,0)) -> Riya | L51: =IF(J51="","",IF(J51=H51,C51,D51))
A52: Day 4 | B52: Post Office Hours | C52: A3 | D52: B2 | F52: A3+B2 | G52: Women's Doubles | H52: =INDEX('[1]Team & Players'!$C$2:$C$7,MATCH(C52,'[1]Team & Players'!$A$2:$A$7,0))&" + "&INDEX('[1]Team & Players'!$D$2:$D$7,MATCH(C52,'[1]Team & Players'!$A$2:$A$7,0)) -> Mamta + Rithu | I52: =INDEX('[1]Team & Players'!$C$2:$C$7,MATCH(D52,'[1]Team & Players'!$A$2:$A$7,0))&" + "&INDEX('[1]Team & Players'!$D$2:$D$7,MATCH(D52,'[1]Team & Players'!$A$2:$A$7,0)) -> Riya + Yukti | L52: =IF(J52="","",IF(J52=H52,C52,D52))
A53: Day 4 | B53: Post Office Hours | C53: A3 | D53: B2 | F53: A3+B2 | G53: Mixed Doubles | H53: =INDEX('[1]Team & Players'!$D$2:$D$7,MATCH(C53,'[1]Team & Players'!$A$2:$A$7,0))&" + "&INDEX('[1]Team & Players'!$K$2:$K$7,MATCH(C53,'[1]Team & Players'!$A$2:$A$7,0)) -> Rithu + Darshan Patel | I53: =INDEX('[1]Team & Players'!$D$2:$D$7,MATCH(D53,'[1]Team & Players'!$A$2:$A$7,0))&" + "&INDEX('[1]Team & Players'!$K$2:$K$7,MATCH(D53,'[1]Team & Players'!$A$2:$A$7,0)) -> Yukti + Niranjan | L53: =IF(J53="","",IF(J53=H53,C53,D53))
A54: Day 4 | B54: Post Office Hours | C54: A3 | D54: B2 | F54: A3+B2 | G54: Men's Singles 1 | H54: =INDEX('[1]Team & Players'!$E$2:$E$7,MATCH(C54,'[1]Team & Players'!$A$2:$A$7,0)) -> Sujal | I54: =INDEX('[1]Team & Players'!$E$2:$E$7,MATCH(D54,'[1]Team & Players'!$A$2:$A$7,0)) -> Pavan D | L54: =IF(J54="","",IF(J54=H54,C54,D54))
A55: Day 4 | B55: Post Office Hours | C55: A3 | D55: B2 | F55: A3+B2 | G55: Men's Singles 2 | H55: =INDEX('[1]Team & Players'!$F$2:$F$7,MATCH(C55,'[1]Team & Players'!$A$2:$A$7,0)) -> Niraj Salot | I55: =INDEX('[1]Team & Players'!$F$2:$F$7,MATCH(D55,'[1]Team & Players'!$A$2:$A$7,0)) -> Vidwan | L55: =IF(J55="","",IF(J55=H55,C55,D55))
A56: Day 4 | B56: Post Office Hours | C56: A3 | D56: B2 | F56: A3+B2 | G56: Men's Doubles 1 | H56: =INDEX('[1]Team & Players'!$G$2:$G$7,MATCH(C56,'[1]Team & Players'!$A$2:$A$7,0))&" + "&INDEX('[1]Team & Players'!$H$2:$H$7,MATCH(C56,'[1]Team & Players'!$A$2:$A$7,0)) -> Kunal D + Anirudha H | I56: =INDEX('[1]Team & Players'!$G$2:$G$7,MATCH(D56,'[1]Team & Players'!$A$2:$A$7,0))&" + "&INDEX('[1]Team & Players'!$H$2:$H$7,MATCH(D56,'[1]Team & Players'!$A$2:$A$7,0)) -> Shravanth + Vrishin | L56: =IF(J56="","",IF(J56=H56,C56,D56))
A57: Day 4 | B57: Post Office Hours | C57: A3 | D57: B2 | F57: A3+B2 | G57: Men's Doubles 2 | H57: =INDEX('[1]Team & Players'!$I$2:$I$7,MATCH(C57,'[1]Team & Players'!$A$2:$A$7,0))&" + "&INDEX('[1]Team & Players'!$J$2:$J$7,MATCH(C57,'[1]Team & Players'!$A$2:$A$7,0)) -> Sarvesh H + Deviprasad | I57: =INDEX('[1]Team & Players'!$I$2:$I$7,MATCH(D57,'[1]Team & Players'!$A$2:$A$7,0))&" + "&INDEX('[1]Team & Players'!$J$2:$J$7,MATCH(D57,'[1]Team & Players'!$A$2:$A$7,0)) -> Rohith + Darshan H | L57: =IF(J57="","",IF(J57=H57,C57,D57))
A58: Day 5 | B58: Lunch Break | C58: A2 | D58: B3 | F58: A2+B3 | G58: Women's Singles | H58: =INDEX('[1]Team & Players'!$C$2:$C$7,MATCH(C58,'[1]Team & Players'!$A$2:$A$7,0)) -> Vaishnavi M | I58: =INDEX('[1]Team & Players'!$C$2:$C$7,MATCH(D58,'[1]Team & Players'!$A$2:$A$7,0)) -> Neha P Jain | L58: =IF(J58="","",IF(J58=H58,C58,D58))
A59: Day 5 | B59: Lunch Break | C59: A2 | D59: B3 | F59: A2+B3 | G59: Women's Doubles | H59: =INDEX('[1]Team & Players'!$C$2:$C$7,MATCH(C59,'[1]Team & Players'!$A$2:$A$7,0))&" + "&INDEX('[1]Team & Players'!$D$2:$D$7,MATCH(C59,'[1]Team & Players'!$A$2:$A$7,0)) -> Vaishnavi M + Keerthana | I59: =INDEX('[1]Team & Players'!$C$2:$C$7,MATCH(D59,'[1]Team & Players'!$A$2:$A$7,0))&" + "&INDEX('[1]Team & Players'!$D$2:$D$7,MATCH(D59,'[1]Team & Players'!$A$2:$A$7,0)) -> Neha P Jain + Drishti | L59: =IF(J59="","",IF(J59=H59,C59,D59))
A60: Day 5 | B60: Lunch Break | C60: A2 | D60: B3 | F60: A2+B3 | G60: Mixed Doubles | H60: =INDEX('[1]Team & Players'!$D$2:$D$7,MATCH(C60,'[1]Team & Players'!$A$2:$A$7,0))&" + "&INDEX('[1]Team & Players'!$K$2:$K$7,MATCH(C60,'[1]Team & Players'!$A$2:$A$7,0)) -> Keerthana + Abhiram | I60: =INDEX('[1]Team & Players'!$D$2:$D$7,MATCH(D60,'[1]Team & Players'!$A$2:$A$7,0))&" + "&INDEX('[1]Team & Players'!$K$2:$K$7,MATCH(D60,'[1]Team & Players'!$A$2:$A$7,0)) -> Drishti + Sanath | L60: =IF(J60="","",IF(J60=H60,C60,D60))
A61: Day 5 | B61: Lunch Break | C61: A2 | D61: B3 | F61: A2+B3 | G61: Men's Singles 1 | H61: =INDEX('[1]Team & Players'!$E$2:$E$7,MATCH(C61,'[1]Team & Players'!$A$2:$A$7,0)) -> Dhruv C | I61: =INDEX('[1]Team & Players'!$E$2:$E$7,MATCH(D61,'[1]Team & Players'!$A$2:$A$7,0)) -> Anshul | L61: =IF(J61="","",IF(J61=H61,C61,D61))
A62: Day 5 | B62: Lunch Break | C62: A2 | D62: B3 | F62: A2+B3 | G62: Men's Singles 2 | H62: =INDEX('[1]Team & Players'!$F$2:$F$7,MATCH(C62,'[1]Team & Players'!$A$2:$A$7,0)) -> Avaneesh | I62: =INDEX('[1]Team & Players'!$F$2:$F$7,MATCH(D62,'[1]Team & Players'!$A$2:$A$7,0)) -> Navtej | L62: =IF(J62="","",IF(J62=H62,C62,D62))
A63: Day 5 | B63: Lunch Break | C63: A2 | D63: B3 | F63: A2+B3 | G63: Men's Doubles 1 | H63: =INDEX('[1]Team & Players'!$G$2:$G$7,MATCH(C63,'[1]Team & Players'!$A$2:$A$7,0))&" + "&INDEX('[1]Team & Players'!$H$2:$H$7,MATCH(C63,'[1]Team & Players'!$A$2:$A$7,0)) -> Kushal + Shubham | I63: =INDEX('[1]Team & Players'!$G$2:$G$7,MATCH(D63,'[1]Team & Players'!$A$2:$A$7,0))&" + "&INDEX('[1]Team & Players'!$H$2:$H$7,MATCH(D63,'[1]Team & Players'!$A$2:$A$7,0)) -> Nagarajan + Chandrashaker Joshi | L63: =IF(J63="","",IF(J63=H63,C63,D63))
A64: Day 5 | B64: Lunch Break | C64: A2 | D64: B3 | F64: A2+B3 | G64: Men's Doubles 2 | H64: =INDEX('[1]Team & Players'!$I$2:$I$7,MATCH(C64,'[1]Team & Players'!$A$2:$A$7,0))&" + "&INDEX('[1]Team & Players'!$J$2:$J$7,MATCH(C64,'[1]Team & Players'!$A$2:$A$7,0)) -> Yuvraj + Karthik KB | I64: =INDEX('[1]Team & Players'!$I$2:$I$7,MATCH(D64,'[1]Team & Players'!$A$2:$A$7,0))&" + "&INDEX('[1]Team & Players'!$J$2:$J$7,MATCH(D64,'[1]Team & Players'!$A$2:$A$7,0)) -> Rohan + Bhuvanesh | L64: =IF(J64="","",IF(J64=H64,C64,D64))
A65: Day 5 | B65: Post Office Hours | C65: A1 | D65: B2 | F65: A1+B2 | G65: Women's Singles | H65: =INDEX('[1]Team & Players'!$C$2:$C$7,MATCH(C65,'[1]Team & Players'!$A$2:$A$7,0)) -> Amrutha | I65: =INDEX('[1]Team & Players'!$C$2:$C$7,MATCH(D65,'[1]Team & Players'!$A$2:$A$7,0)) -> Riya | L65: =IF(J65="","",IF(J65=H65,C65,D65))
A66: Day 5 | B66: Post Office Hours | C66: A1 | D66: B2 | F66: A1+B2 | G66: Women's Doubles | H66: =INDEX('[1]Team & Players'!$C$2:$C$7,MATCH(C66,'[1]Team & Players'!$A$2:$A$7,0))&" + "&INDEX('[1]Team & Players'!$D$2:$D$7,MATCH(C66,'[1]Team & Players'!$A$2:$A$7,0)) -> Amrutha + Neha | I66: =INDEX('[1]Team & Players'!$C$2:$C$7,MATCH(D66,'[1]Team & Players'!$A$2:$A$7,0))&" + "&INDEX('[1]Team & Players'!$D$2:$D$7,MATCH(D66,'[1]Team & Players'!$A$2:$A$7,0)) -> Riya + Yukti | L66: =IF(J66="","",IF(J66=H66,C66,D66))
A67: Day 5 | B67: Post Office Hours | C67: A1 | D67: B2 | F67: A1+B2 | G67: Mixed Doubles | H67: =INDEX('[1]Team & Players'!$D$2:$D$7,MATCH(C67,'[1]Team & Players'!$A$2:$A$7,0))&" + "&INDEX('[1]Team & Players'!$K$2:$K$7,MATCH(C67,'[1]Team & Players'!$A$2:$A$7,0)) -> Neha + Dhruv Jaju | I67: =INDEX('[1]Team & Players'!$D$2:$D$7,MATCH(D67,'[1]Team & Players'!$A$2:$A$7,0))&" + "&INDEX('[1]Team & Players'!$K$2:$K$7,MATCH(D67,'[1]Team & Players'!$A$2:$A$7,0)) -> Yukti + Niranjan | L67: =IF(J67="","",IF(J67=H67,C67,D67))
A68: Day 5 | B68: Post Office Hours | C68: A1 | D68: B2 | F68: A1+B2 | G68: Men's Singles 1 | H68: =INDEX('[1]Team & Players'!$E$2:$E$7,MATCH(C68,'[1]Team & Players'!$A$2:$A$7,0)) -> Saurabh | I68: =INDEX('[1]Team & Players'!$E$2:$E$7,MATCH(D68,'[1]Team & Players'!$A$2:$A$7,0)) -> Pavan D | L68: =IF(J68="","",IF(J68=H68,C68,D68))
A69: Day 5 | B69: Post Office Hours | C69: A1 | D69: B2 | F69: A1+B2 | G69: Men's Singles 2 | H69: =INDEX('[1]Team & Players'!$F$2:$F$7,MATCH(C69,'[1]Team & Players'!$A$2:$A$7,0)) -> Aman Doshi | I69: =INDEX('[1]Team & Players'!$F$2:$F$7,MATCH(D69,'[1]Team & Players'!$A$2:$A$7,0)) -> Vidwan | L69: =IF(J69="","",IF(J69=H69,C69,D69))
A70: Day 5 | B70: Post Office Hours | C70: A1 | D70: B2 | F70: A1+B2 | G70: Men's Doubles 1 | H70: =INDEX('[1]Team & Players'!$G$2:$G$7,MATCH(C70,'[1]Team & Players'!$A$2:$A$7,0))&" + "&INDEX('[1]Team & Players'!$H$2:$H$7,MATCH(C70,'[1]Team & Players'!$A$2:$A$7,0)) -> Nikhil M + Jinendar | I70: =INDEX('[1]Team & Players'!$G$2:$G$7,MATCH(D70,'[1]Team & Players'!$A$2:$A$7,0))&" + "&INDEX('[1]Team & Players'!$H$2:$H$7,MATCH(D70,'[1]Team & Players'!$A$2:$A$7,0)) -> Shravanth + Vrishin | L70: =IF(J70="","",IF(J70=H70,C70,D70))
A71: Day 5 | B71: Post Office Hours | C71: A1 | D71: B2 | F71: A1+B2 | G71: Men's Doubles 2 | H71: =INDEX('[1]Team & Players'!$I$2:$I$7,MATCH(C71,'[1]Team & Players'!$A$2:$A$7,0))&" + "&INDEX('[1]Team & Players'!$J$2:$J$7,MATCH(C71,'[1]Team & Players'!$A$2:$A$7,0)) -> Sreesha + Manan | I71: =INDEX('[1]Team & Players'!$I$2:$I$7,MATCH(D71,'[1]Team & Players'!$A$2:$A$7,0))&" + "&INDEX('[1]Team & Players'!$J$2:$J$7,MATCH(D71,'[1]Team & Players'!$A$2:$A$7,0)) -> Rohith + Darshan H | L71: =IF(J71="","",IF(J71=H71,C71,D71))
A72: Day 6 | B72: Lunch Break | C72: A2 | D72: A3 | F72: A2+A3 | G72: Women's Singles | H72: =INDEX('[1]Team & Players'!$C$2:$C$7,MATCH(C72,'[1]Team & Players'!$A$2:$A$7,0)) -> Vaishnavi M | I72: =INDEX('[1]Team & Players'!$C$2:$C$7,MATCH(D72,'[1]Team & Players'!$A$2:$A$7,0)) -> Mamta | L72: =IF(J72="","",IF(J72=H72,C72,D72))
A73: Day 6 | B73: Lunch Break | C73: A2 | D73: A3 | F73: A2+A3 | G73: Women's Doubles | H73: =INDEX('[1]Team & Players'!$C$2:$C$7,MATCH(C73,'[1]Team & Players'!$A$2:$A$7,0))&" + "&INDEX('[1]Team & Players'!$D$2:$D$7,MATCH(C73,'[1]Team & Players'!$A$2:$A$7,0)) -> Vaishnavi M + Keerthana | I73: =INDEX('[1]Team & Players'!$C$2:$C$7,MATCH(D73,'[1]Team & Players'!$A$2:$A$7,0))&" + "&INDEX('[1]Team & Players'!$D$2:$D$7,MATCH(D73,'[1]Team & Players'!$A$2:$A$7,0)) -> Mamta + Rithu | L73: =IF(J73="","",IF(J73=H73,C73,D73))
A74: Day 6 | B74: Lunch Break | C74: A2 | D74: A3 | F74: A2+A3 | G74: Mixed Doubles | H74: =INDEX('[1]Team & Players'!$D$2:$D$7,MATCH(C74,'[1]Team & Players'!$A$2:$A$7,0))&" + "&INDEX('[1]Team & Players'!$K$2:$K$7,MATCH(C74,'[1]Team & Players'!$A$2:$A$7,0)) -> Keerthana + Abhiram | I74: =INDEX('[1]Team & Players'!$D$2:$D$7,MATCH(D74,'[1]Team & Players'!$A$2:$A$7,0))&" + "&INDEX('[1]Team & Players'!$K$2:$K$7,MATCH(D74,'[1]Team & Players'!$A$2:$A$7,0)) -> Rithu + Darshan Patel | L74: =IF(J74="","",IF(J74=H74,C74,D74))
A75: Day 6 | B75: Lunch Break | C75: A2 | D75: A3 | F75: A2+A3 | G75: Men's Singles 1 | H75: =INDEX('[1]Team & Players'!$E$2:$E$7,MATCH(C75,'[1]Team & Players'!$A$2:$A$7,0)) -> Dhruv C | I75: =INDEX('[1]Team & Players'!$E$2:$E$7,MATCH(D75,'[1]Team & Players'!$A$2:$A$7,0)) -> Sujal | L75: =IF(J75="","",IF(J75=H75,C75,D75))
A76: Day 6 | B76: Lunch Break | C76: A2 | D76: A3 | F76: A2+A3 | G76: Men's Singles 2 | H76: =INDEX('[1]Team & Players'!$F$2:$F$7,MATCH(C76,'[1]Team & Players'!$A$2:$A$7,0)) -> Avaneesh | I76: =INDEX('[1]Team & Players'!$F$2:$F$7,MATCH(D76,'[1]Team & Players'!$A$2:$A$7,0)) -> Niraj Salot | L76: =IF(J76="","",IF(J76=H76,C76,D76))
A77: Day 6 | B77: Lunch Break | C77: A2 | D77: A3 | F77: A2+A3 | G77: Men's Doubles 1 | H77: =INDEX('[1]Team & Players'!$G$2:$G$7,MATCH(C77,'[1]Team & Players'!$A$2:$A$7,0))&" + "&INDEX('[1]Team & Players'!$H$2:$H$7,MATCH(C77,'[1]Team & Players'!$A$2:$A$7,0)) -> Kushal + Shubham | I77: =INDEX('[1]Team & Players'!$G$2:$G$7,MATCH(D77,'[1]Team & Players'!$A$2:$A$7,0))&" + "&INDEX('[1]Team & Players'!$H$2:$H$7,MATCH(D77,'[1]Team & Players'!$A$2:$A$7,0)) -> Kunal D + Anirudha H | L77: =IF(J77="","",IF(J77=H77,C77,D77))
A78: Day 6 | B78: Lunch Break | C78: A2 | D78: A3 | F78: A2+A3 | G78: Men's Doubles 2 | H78: =INDEX('[1]Team & Players'!$I$2:$I$7,MATCH(C78,'[1]Team & Players'!$A$2:$A$7,0))&" + "&INDEX('[1]Team & Players'!$J$2:$J$7,MATCH(C78,'[1]Team & Players'!$A$2:$A$7,0)) -> Yuvraj + Karthik KB | I78: =INDEX('[1]Team & Players'!$I$2:$I$7,MATCH(D78,'[1]Team & Players'!$A$2:$A$7,0))&" + "&INDEX('[1]Team & Players'!$J$2:$J$7,MATCH(D78,'[1]Team & Players'!$A$2:$A$7,0)) -> Sarvesh H + Deviprasad | L78: =IF(J78="","",IF(J78=H78,C78,D78))
A79: Day 6 | B79: Post Office Hours | C79: B1 | D79: B3 | F79: B1+B3 | G79: Women's Singles | H79: =INDEX('[1]Team & Players'!$C$2:$C$7,MATCH(C79,'[1]Team & Players'!$A$2:$A$7,0)) -> Subashree | I79: =INDEX('[1]Team & Players'!$C$2:$C$7,MATCH(D79,'[1]Team & Players'!$A$2:$A$7,0)) -> Neha P Jain | L79: =IF(J79="","",IF(J79=H79,C79,D79))
A80: Day 6 | B80: Post Office Hours | C80: B1 | D80: B3 | F80: B1+B3 | G80: Women's Doubles | H80: =INDEX('[1]Team & Players'!$C$2:$C$7,MATCH(C80,'[1]Team & Players'!$A$2:$A$7,0))&" + "&INDEX('[1]Team & Players'!$D$2:$D$7,MATCH(C80,'[1]Team & Players'!$A$2:$A$7,0)) -> Subashree + Sanjana | I80: =INDEX('[1]Team & Players'!$C$2:$C$7,MATCH(D80,'[1]Team & Players'!$A$2:$A$7,0))&" + "&INDEX('[1]Team & Players'!$D$2:$D$7,MATCH(D80,'[1]Team & Players'!$A$2:$A$7,0)) -> Neha P Jain + Drishti | L80: =IF(J80="","",IF(J80=H80,C80,D80))
A81: Day 6 | B81: Post Office Hours | C81: B1 | D81: B3 | F81: B1+B3 | G81: Mixed Doubles | H81: =INDEX('[1]Team & Players'!$D$2:$D$7,MATCH(C81,'[1]Team & Players'!$A$2:$A$7,0))&" + "&INDEX('[1]Team & Players'!$K$2:$K$7,MATCH(C81,'[1]Team & Players'!$A$2:$A$7,0)) -> Sanjana + Bharatha S | I81: =INDEX('[1]Team & Players'!$D$2:$D$7,MATCH(D81,'[1]Team & Players'!$A$2:$A$7,0))&" + "&INDEX('[1]Team & Players'!$K$2:$K$7,MATCH(D81,'[1]Team & Players'!$A$2:$A$7,0)) -> Drishti + Sanath | L81: =IF(J81="","",IF(J81=H81,C81,D81))
A82: Day 6 | B82: Post Office Hours | C82: B1 | D82: B3 | F82: B1+B3 | G82: Men's Singles 1 | H82: =INDEX('[1]Team & Players'!$E$2:$E$7,MATCH(C82,'[1]Team & Players'!$A$2:$A$7,0)) -> Naman | I82: =INDEX('[1]Team & Players'!$E$2:$E$7,MATCH(D82,'[1]Team & Players'!$A$2:$A$7,0)) -> Anshul | L82: =IF(J82="","",IF(J82=H82,C82,D82))
A83: Day 6 | B83: Post Office Hours | C83: B1 | D83: B3 | F83: B1+B3 | G83: Men's Singles 2 | H83: =INDEX('[1]Team & Players'!$F$2:$F$7,MATCH(C83,'[1]Team & Players'!$A$2:$A$7,0)) -> Jay B | I83: =INDEX('[1]Team & Players'!$F$2:$F$7,MATCH(D83,'[1]Team & Players'!$A$2:$A$7,0)) -> Navtej | L83: =IF(J83="","",IF(J83=H83,C83,D83))
A84: Day 6 | B84: Post Office Hours | C84: B1 | D84: B3 | F84: B1+B3 | G84: Men's Doubles 1 | H84: =INDEX('[1]Team & Players'!$G$2:$G$7,MATCH(C84,'[1]Team & Players'!$A$2:$A$7,0))&" + "&INDEX('[1]Team & Players'!$H$2:$H$7,MATCH(C84,'[1]Team & Players'!$A$2:$A$7,0)) -> Leela Sagar + Ali Akbar | I84: =INDEX('[1]Team & Players'!$G$2:$G$7,MATCH(D84,'[1]Team & Players'!$A$2:$A$7,0))&" + "&INDEX('[1]Team & Players'!$H$2:$H$7,MATCH(D84,'[1]Team & Players'!$A$2:$A$7,0)) -> Nagarajan + Chandrashaker Joshi | L84: =IF(J84="","",IF(J84=H84,C84,D84))
A85: Day 6 | B85: Post Office Hours | C85: B1 | D85: B3 | F85: B1+B3 | G85: Men's Doubles 2 | H85: =INDEX('[1]Team & Players'!$I$2:$I$7,MATCH(C85,'[1]Team & Players'!$A$2:$A$7,0))&" + "&INDEX('[1]Team & Players'!$J$2:$J$7,MATCH(C85,'[1]Team & Players'!$A$2:$A$7,0)) -> Khush B + Hemanth | I85: =INDEX('[1]Team & Players'!$I$2:$I$7,MATCH(D85,'[1]Team & Players'!$A$2:$A$7,0))&" + "&INDEX('[1]Team & Players'!$J$2:$J$7,MATCH(D85,'[1]Team & Players'!$A$2:$A$7,0)) -> Rohan + Bhuvanesh | L85: =IF(J85="","",IF(J85=H85,C85,D85))
A86: Day 7 | B86: Lunch Break | C86: A1 | D86: B3 | F86: A1+B3 | G86: Women's Singles | H86: =INDEX('[1]Team & Players'!$C$2:$C$7,MATCH(C86,'[1]Team & Players'!$A$2:$A$7,0)) -> Amrutha | I86: =INDEX('[1]Team & Players'!$C$2:$C$7,MATCH(D86,'[1]Team & Players'!$A$2:$A$7,0)) -> Neha P Jain | L86: =IF(J86="","",IF(J86=H86,C86,D86))
A87: Day 7 | B87: Lunch Break | C87: A1 | D87: B3 | F87: A1+B3 | G87: Women's Doubles | H87: =INDEX('[1]Team & Players'!$C$2:$C$7,MATCH(C87,'[1]Team & Players'!$A$2:$A$7,0))&" + "&INDEX('[1]Team & Players'!$D$2:$D$7,MATCH(C87,'[1]Team & Players'!$A$2:$A$7,0)) -> Amrutha + Neha | I87: =INDEX('[1]Team & Players'!$C$2:$C$7,MATCH(D87,'[1]Team & Players'!$A$2:$A$7,0))&" + "&INDEX('[1]Team & Players'!$D$2:$D$7,MATCH(D87,'[1]Team & Players'!$A$2:$A$7,0)) -> Neha P Jain + Drishti | L87: =IF(J87="","",IF(J87=H87,C87,D87))
A88: Day 7 | B88: Lunch Break | C88: A1 | D88: B3 | F88: A1+B3 | G88: Mixed Doubles | H88: =INDEX('[1]Team & Players'!$D$2:$D$7,MATCH(C88,'[1]Team & Players'!$A$2:$A$7,0))&" + "&INDEX('[1]Team & Players'!$K$2:$K$7,MATCH(C88,'[1]Team & Players'!$A$2:$A$7,0)) -> Neha + Dhruv Jaju | I88: =INDEX('[1]Team & Players'!$D$2:$D$7,MATCH(D88,'[1]Team & Players'!$A$2:$A$7,0))&" + "&INDEX('[1]Team & Players'!$K$2:$K$7,MATCH(D88,'[1]Team & Players'!$A$2:$A$7,0)) -> Drishti + Sanath | L88: =IF(J88="","",IF(J88=H88,C88,D88))
A89: Day 7 | B89: Lunch Break | C89: A1 | D89: B3 | F89: A1+B3 | G89: Men's Singles 1 | H89: =INDEX('[1]Team & Players'!$E$2:$E$7,MATCH(C89,'[1]Team & Players'!$A$2:$A$7,0)) -> Saurabh | I89: =INDEX('[1]Team & Players'!$E$2:$E$7,MATCH(D89,'[1]Team & Players'!$A$2:$A$7,0)) -> Anshul | L89: =IF(J89="","",IF(J89=H89,C89,D89))
A90: Day 7 | B90: Lunch Break | C90: A1 | D90: B3 | F90: A1+B3 | G90: Men's Singles 2 | H90: =INDEX('[1]Team & Players'!$F$2:$F$7,MATCH(C90,'[1]Team & Players'!$A$2:$A$7,0)) -> Aman Doshi | I90: =INDEX('[1]Team & Players'!$F$2:$F$7,MATCH(D90,'[1]Team & Players'!$A$2:$A$7,0)) -> Navtej | L90: =IF(J90="","",IF(J90=H90,C90,D90))
A91: Day 7 | B91: Lunch Break | C91: A1 | D91: B3 | F91: A1+B3 | G91: Men's Doubles 1 | H91: =INDEX('[1]Team & Players'!$G$2:$G$7,MATCH(C91,'[1]Team & Players'!$A$2:$A$7,0))&" + "&INDEX('[1]Team & Players'!$H$2:$H$7,MATCH(C91,'[1]Team & Players'!$A$2:$A$7,0)) -> Nikhil M + Jinendar | I91: =INDEX('[1]Team & Players'!$G$2:$G$7,MATCH(D91,'[1]Team & Players'!$A$2:$A$7,0))&" + "&INDEX('[1]Team & Players'!$H$2:$H$7,MATCH(D91,'[1]Team & Players'!$A$2:$A$7,0)) -> Nagarajan + Chandrashaker Joshi | L91: =IF(J91="","",IF(J91=H91,C91,D91))
A92: Day 7 | B92: Lunch Break | C92: A1 | D92: B3 | F92: A1+B3 | G92: Men's Doubles 2 | H92: =INDEX('[1]Team & Players'!$I$2:$I$7,MATCH(C92,'[1]Team & Players'!$A$2:$A$7,0))&" + "&INDEX('[1]Team & Players'!$J$2:$J$7,MATCH(C92,'[1]Team & Players'!$A$2:$A$7,0)) -> Sreesha + Manan | I92: =INDEX('[1]Team & Players'!$I$2:$I$7,MATCH(D92,'[1]Team & Players'!$A$2:$A$7,0))&" + "&INDEX('[1]Team & Players'!$J$2:$J$7,MATCH(D92,'[1]Team & Players'!$A$2:$A$7,0)) -> Rohan + Bhuvanesh | L92: =IF(J92="","",IF(J92=H92,C92,D92))
A93: Day 7 | B93: Post Office Hours | C93: A2 | D93: B2 | F93: A2+B2 | G93: Women's Singles | H93: =INDEX('[1]Team & Players'!$C$2:$C$7,MATCH(C93,'[1]Team & Players'!$A$2:$A$7,0)) -> Vaishnavi M | I93: =INDEX('[1]Team & Players'!$C$2:$C$7,MATCH(D93,'[1]Team & Players'!$A$2:$A$7,0)) -> Riya | L93: =IF(J93="","",IF(J93=H93,C93,D93))
A94: Day 7 | B94: Post Office Hours | C94: A2 | D94: B2 | F94: A2+B2 | G94: Women's Doubles | H94: =INDEX('[1]Team & Players'!$C$2:$C$7,MATCH(C94,'[1]Team & Players'!$A$2:$A$7,0))&" + "&INDEX('[1]Team & Players'!$D$2:$D$7,MATCH(C94,'[1]Team & Players'!$A$2:$A$7,0)) -> Vaishnavi M + Keerthana | I94: =INDEX('[1]Team & Players'!$C$2:$C$7,MATCH(D94,'[1]Team & Players'!$A$2:$A$7,0))&" + "&INDEX('[1]Team & Players'!$D$2:$D$7,MATCH(D94,'[1]Team & Players'!$A$2:$A$7,0)) -> Riya + Yukti | L94: =IF(J94="","",IF(J94=H94,C94,D94))
A95: Day 7 | B95: Post Office Hours | C95: A2 | D95: B2 | F95: A2+B2 | G95: Mixed Doubles | H95: =INDEX('[1]Team & Players'!$D$2:$D$7,MATCH(C95,'[1]Team & Players'!$A$2:$A$7,0))&" + "&INDEX('[1]Team & Players'!$K$2:$K$7,MATCH(C95,'[1]Team & Players'!$A$2:$A$7,0)) -> Keerthana + Abhiram | I95: =INDEX('[1]Team & Players'!$D$2:$D$7,MATCH(D95,'[1]Team & Players'!$A$2:$A$7,0))&" + "&INDEX('[1]Team & Players'!$K$2:$K$7,MATCH(D95,'[1]Team & Players'!$A$2:$A$7,0)) -> Yukti + Niranjan | L95: =IF(J95="","",IF(J95=H95,C95,D95))
A96: Day 7 | B96: Post Office Hours | C96: A2 | D96: B2 | F96: A2+B2 | G96: Men's Singles 1 | H96: =INDEX('[1]Team & Players'!$E$2:$E$7,MATCH(C96,'[1]Team & Players'!$A$2:$A$7,0)) -> Dhruv C | I96: =INDEX('[1]Team & Players'!$E$2:$E$7,MATCH(D96,'[1]Team & Players'!$A$2:$A$7,0)) -> Pavan D | L96: =IF(J96="","",IF(J96=H96,C96,D96))
A97: Day 7 | B97: Post Office Hours | C97: A2 | D97: B2 | F97: A2+B2 | G97: Men's Singles 2 | H97: =INDEX('[1]Team & Players'!$F$2:$F$7,MATCH(C97,'[1]Team & Players'!$A$2:$A$7,0)) -> Avaneesh | I97: =INDEX('[1]Team & Players'!$F$2:$F$7,MATCH(D97,'[1]Team & Players'!$A$2:$A$7,0)) -> Vidwan | L97: =IF(J97="","",IF(J97=H97,C97,D97))
A98: Day 7 | B98: Post Office Hours | C98: A2 | D98: B2 | F98: A2+B2 | G98: Men's Doubles 1 | H98: =INDEX('[1]Team & Players'!$G$2:$G$7,MATCH(C98,'[1]Team & Players'!$A$2:$A$7,0))&" + "&INDEX('[1]Team & Players'!$H$2:$H$7,MATCH(C98,'[1]Team & Players'!$A$2:$A$7,0)) -> Kushal + Shubham | I98: =INDEX('[1]Team & Players'!$G$2:$G$7,MATCH(D98,'[1]Team & Players'!$A$2:$A$7,0))&" + "&INDEX('[1]Team & Players'!$H$2:$H$7,MATCH(D98,'[1]Team & Players'!$A$2:$A$7,0)) -> Shravanth + Vrishin | L98: =IF(J98="","",IF(J98=H98,C98,D98))
A99: Day 7 | B99: Post Office Hours | C99: A2 | D99: B2 | F99: A2+B2 | G99: Men's Doubles 2 | H99: =INDEX('[1]Team & Players'!$I$2:$I$7,MATCH(C99,'[1]Team & Players'!$A$2:$A$7,0))&" + "&INDEX('[1]Team & Players'!$J$2:$J$7,MATCH(C99,'[1]Team & Players'!$A$2:$A$7,0)) -> Yuvraj + Karthik KB | I99: =INDEX('[1]Team & Players'!$I$2:$I$7,MATCH(D99,'[1]Team & Players'!$A$2:$A$7,0))&" + "&INDEX('[1]Team & Players'!$J$2:$J$7,MATCH(D99,'[1]Team & Players'!$A$2:$A$7,0)) -> Rohith + Darshan H | L99: =IF(J99="","",IF(J99=H99,C99,D99))
A100: Day 8 | B100: Lunch Break | C100: A3 | D100: B1 | F100: A3+B1 | G100: Women's Singles | H100: =INDEX('[1]Team & Players'!$C$2:$C$7,MATCH(C100,'[1]Team & Players'!$A$2:$A$7,0)) -> Mamta | I100: =INDEX('[1]Team & Players'!$C$2:$C$7,MATCH(D100,'[1]Team & Players'!$A$2:$A$7,0)) -> Subashree | L100: =IF(J100="","",IF(J100=H100,C100,D100))
...

Sheet Shuffled Matches
B2: Day | C2: Timing | D2: Team 1 | E2: Team 2 | F2: Matches | G2: Format | H2: Participant 1 | I2: Participant 2 | J2: Winner | K2: Score (Team 1-Team 2) | L2: Winning Team | M2: Matches | N2: Team 1 Score | O2: Team 2 Score | P2: Score Difference
B3: Day 1 | C3: Lunch Break | D3: Team 5 | E3: Team 6 | F3: Team 5+Team 6 | G3: Mixed Doubles | H3: Yukti + Niranjan | I3: Drishti + Sanath | J3: =IF(K3="","",IFERROR(IF(--_xlfn.TEXTBEFORE(K3,"-")>--_xlfn.TEXTAFTER(K3,"-"),H3,IF(--_xlfn.TEXTAFTER(K3,"-")>--_xlfn.TEXTBEFORE(K3,"-"),I3,"Tie")),"Check score")) -> Yukti + Niranjan | K3: 21-16 | L3: =IF(K3="","",IFERROR(IF(--_xlfn.TEXTBEFORE(K3,"-")>--_xlfn.TEXTAFTER(K3,"-"),D3,IF(--_xlfn.TEXTAFTER(K3,"-")>--_xlfn.TEXTBEFORE(K3,"-"),E3,"Tie")),"Check score")) -> Team 5 | N3: =IFERROR(--_xlfn.TEXTBEFORE(K3,"-"),"") -> 21 | O3: =IFERROR(--_xlfn.TEXTAFTER(K3,"-"),"") -> 16 | P3: =IF(OR(N3="",O3=""),"",N3-O3) -> 5
B4: Day 1 | C4: Lunch Break | D4: Team 5 | E4: Team 6 | F4: Team 5+Team 6 | G4: Women's Singles | H4: Riya | I4: Neha P Jain | J4: =IF(K4="","",IFERROR(IF(--_xlfn.TEXTBEFORE(K4,"-")>--_xlfn.TEXTAFTER(K4,"-"),H4,IF(--_xlfn.TEXTAFTER(K4,"-")>--_xlfn.TEXTBEFORE(K4,"-"),I4,"Tie")),"Check score")) -> Neha P Jain | K4: 7-21 | L4: =IF(K4="","",IFERROR(IF(--_xlfn.TEXTBEFORE(K4,"-")>--_xlfn.TEXTAFTER(K4,"-"),D4,IF(--_xlfn.TEXTAFTER(K4,"-")>--_xlfn.TEXTBEFORE(K4,"-"),E4,"Tie")),"Check score")) -> Team 6 | N4: =IFERROR(--_xlfn.TEXTBEFORE(K4,"-"),"") -> 7 | O4: =IFERROR(--_xlfn.TEXTAFTER(K4,"-"),"") -> 21 | P4: =IF(OR(N4="",O4=""),"",N4-O4) -> -14
B5: Day 1 | C5: Lunch Break | D5: Team 1 | E5: Team 4 | F5: Team 1+Team 4 | G5: Women's Singles | H5: Amrutha | I5: Subashree | J5: =IF(K5="","",IFERROR(IF(--_xlfn.TEXTBEFORE(K5,"-")>--_xlfn.TEXTAFTER(K5,"-"),H5,IF(--_xlfn.TEXTAFTER(K5,"-")>--_xlfn.TEXTBEFORE(K5,"-"),I5,"Tie")),"Check score")) -> Subashree | K5: 7-21 | L5: =IF(K5="","",IFERROR(IF(--_xlfn.TEXTBEFORE(K5,"-")>--_xlfn.TEXTAFTER(K5,"-"),D5,IF(--_xlfn.TEXTAFTER(K5,"-")>--_xlfn.TEXTBEFORE(K5,"-"),E5,"Tie")),"Check score")) -> Team 4 | N5: =IFERROR(--_xlfn.TEXTBEFORE(K5,"-"),"") -> 7 | O5: =IFERROR(--_xlfn.TEXTAFTER(K5,"-"),"") -> 21 | P5: =IF(OR(N5="",O5=""),"",N5-O5) -> -14
B6: Day 1 | C6: Lunch Break | D6: Team 3 | E6: Team 4 | F6: Team 3+Team 4 | G6: Women's Singles | H6: Mamta | I6: Subashree | J6: =IF(K6="","",IFERROR(IF(--_xlfn.TEXTBEFORE(K6,"-")>--_xlfn.TEXTAFTER(K6,"-"),H6,IF(--_xlfn.TEXTAFTER(K6,"-")>--_xlfn.TEXTBEFORE(K6,"-"),I6,"Tie")),"Check score")) -> Mamta | K6: 21-19 | L6: =IF(K6="","",IFERROR(IF(--_xlfn.TEXTBEFORE(K6,"-")>--_xlfn.TEXTAFTER(K6,"-"),D6,IF(--_xlfn.TEXTAFTER(K6,"-")>--_xlfn.TEXTBEFORE(K6,"-"),E6,"Tie")),"Check score")) -> Team 3 | N6: =IFERROR(--_xlfn.TEXTBEFORE(K6,"-"),"") -> 21 | O6: =IFERROR(--_xlfn.TEXTAFTER(K6,"-"),"") -> 19 | P6: =IF(OR(N6="",O6=""),"",N6-O6) -> 2
B7: Day 1 | C7: Lunch Break | D7: Team 2 | E7: Team 3 | F7: Team 2+Team 3 | G7: Mixed Doubles | H7: Keerthana + Abhiram | I7: Rithu + Darshan Patel | J7: =IF(K7="","",IFERROR(IF(--_xlfn.TEXTBEFORE(K7,"-")>--_xlfn.TEXTAFTER(K7,"-"),H7,IF(--_xlfn.TEXTAFTER(K7,"-")>--_xlfn.TEXTBEFORE(K7,"-"),I7,"Tie")),"Check score")) -> Rithu + Darshan Patel | K7: 16-21 | L7: =IF(K7="","",IFERROR(IF(--_xlfn.TEXTBEFORE(K7,"-")>--_xlfn.TEXTAFTER(K7,"-"),D7,IF(--_xlfn.TEXTAFTER(K7,"-")>--_xlfn.TEXTBEFORE(K7,"-"),E7,"Tie")),"Check score")) -> Team 3 | N7: =IFERROR(--_xlfn.TEXTBEFORE(K7,"-"),"") -> 16 | O7: =IFERROR(--_xlfn.TEXTAFTER(K7,"-"),"") -> 21 | P7: =IF(OR(N7="",O7=""),"",N7-O7) -> -5
B8: Day 1 | C8: Lunch Break | D8: Team 1 | E8: Team 4 | F8: Team 1+Team 4 | G8: Men's Singles 2 | H8: Aman Doshi | I8: Jay B | J8: =IF(K8="","",IFERROR(IF(--_xlfn.TEXTBEFORE(K8,"-")>--_xlfn.TEXTAFTER(K8,"-"),H8,IF(--_xlfn.TEXTAFTER(K8,"-")>--_xlfn.TEXTBEFORE(K8,"-"),I8,"Tie")),"Check score")) -> Jay B | K8: 11-21 | L8: =IF(K8="","",IFERROR(IF(--_xlfn.TEXTBEFORE(K8,"-")>--_xlfn.TEXTAFTER(K8,"-"),D8,IF(--_xlfn.TEXTAFTER(K8,"-")>--_xlfn.TEXTBEFORE(K8,"-"),E8,"Tie")),"Check score")) -> Team 4 | N8: =IFERROR(--_xlfn.TEXTBEFORE(K8,"-"),"") -> 11 | O8: =IFERROR(--_xlfn.TEXTAFTER(K8,"-"),"") -> 21 | P8: =IF(OR(N8="",O8=""),"",N8-O8) -> -10
B9: Day 1 | C9: Lunch Break | D9: Team 1 | E9: Team 4 | F9: Team 1+Team 4 | G9: Women's Doubles | H9: Amrutha + Neha | I9: Subashree + Sanjana | J9: Amrutha + Neha | K9: 21-15 | L9: =IF(K9="","",IFERROR(IF(--_xlfn.TEXTBEFORE(K9,"-")>--_xlfn.TEXTAFTER(K9,"-"),D9,IF(--_xlfn.TEXTAFTER(K9,"-")>--_xlfn.TEXTBEFORE(K9,"-"),E9,"Tie")),"Check score")) -> Team 1 | N9: =IFERROR(--_xlfn.TEXTBEFORE(K9,"-"),"") -> 21 | O9: =IFERROR(--_xlfn.TEXTAFTER(K9,"-"),"") -> 15 | P9: =IF(OR(N9="",O9=""),"",N9-O9) -> 6
B10: Day 1 | C10: Post Office Hours | D10: Team 4 | E10: Team 5 | F10: Team 4+Team 5 | G10: Women's Singles | H10: Subashree | I10: Riya | J10: =IF(K10="","",IFERROR(IF(--_xlfn.TEXTBEFORE(K10,"-")>--_xlfn.TEXTAFTER(K10,"-"),H10,IF(--_xlfn.TEXTAFTER(K10,"-")>--_xlfn.TEXTBEFORE(K10,"-"),I10,"Tie")),"Check score")) -> Subashree | K10: 21-13 | L10: =IF(K10="","",IFERROR(IF(--_xlfn.TEXTBEFORE(K10,"-")>--_xlfn.TEXTAFTER(K10,"-"),D10,IF(--_xlfn.TEXTAFTER(K10,"-")>--_xlfn.TEXTBEFORE(K10,"-"),E10,"Tie")),"Check score")) -> Team 4 | N10: =IFERROR(--_xlfn.TEXTBEFORE(K10,"-"),"") -> 21 | O10: =IFERROR(--_xlfn.TEXTAFTER(K10,"-"),"") -> 13 | P10: =IF(OR(N10="",O10=""),"",N10-O10) -> 8
B11: Day 1 | C11: Post Office Hours | D11: Team 3 | E11: Team 5 | F11: Team 3+Team 5 | G11: Men's Singles 2 | H11: Niraj Salot | I11: Vidwan | J11: =IF(K11="","",IFERROR(IF(--_xlfn.TEXTBEFORE(K11,"-")>--_xlfn.TEXTAFTER(K11,"-"),H11,IF(--_xlfn.TEXTAFTER(K11,"-")>--_xlfn.TEXTBEFORE(K11,"-"),I11,"Tie")),"Check score")) -> Vidwan | K11: 11-21 | L11: =IF(K11="","",IFERROR(IF(--_xlfn.TEXTBEFORE(K11,"-")>--_xlfn.TEXTAFTER(K11,"-"),D11,IF(--_xlfn.TEXTAFTER(K11,"-")>--_xlfn.TEXTBEFORE(K11,"-"),E11,"Tie")),"Check score")) -> Team 5 | N11: =IFERROR(--_xlfn.TEXTBEFORE(K11,"-"),"") -> 11 | O11: =IFERROR(--_xlfn.TEXTAFTER(K11,"-"),"") -> 21 | P11: =IF(OR(N11="",O11=""),"",N11-O11) -> -10
B12: Day 1 | C12: Post Office Hours | D12: Team 5 | E12: Team 6 | F12: Team 5+Team 6 | G12: Men's Doubles 1 | H12: Shravanth + Vrishin | I12: Nagarajan + Chandrashaker Joshi | J12: =IF(K12="","",IFERROR(IF(--_xlfn.TEXTBEFORE(K12,"-")>--_xlfn.TEXTAFTER(K12,"-"),H12,IF(--_xlfn.TEXTAFTER(K12,"-")>--_xlfn.TEXTBEFORE(K12,"-"),I12,"Tie")),"Check score")) -> Nagarajan + Chandrashaker Joshi | K12: 18-21 | L12: =IF(K12="","",IFERROR(IF(--_xlfn.TEXTBEFORE(K12,"-")>--_xlfn.TEXTAFTER(K12,"-"),D12,IF(--_xlfn.TEXTAFTER(K12,"-")>--_xlfn.TEXTBEFORE(K12,"-"),E12,"Tie")),"Check score")) -> Team 6 | N12: =IFERROR(--_xlfn.TEXTBEFORE(K12,"-"),"") -> 18 | O12: =IFERROR(--_xlfn.TEXTAFTER(K12,"-"),"") -> 21 | P12: =IF(OR(N12="",O12=""),"",N12-O12) -> -3
B13: Day 1 | C13: Post Office Hours | D13: Team 2 | E13: Team 4 | F13: Team 2+Team 4 | G13: Men's Doubles 2 | H13: Yuvraj + Karthik KB | I13: Khush B + Hemanth | J13: =IF(K13="","",IFERROR(IF(--_xlfn.TEXTBEFORE(K13,"-")>--_xlfn.TEXTAFTER(K13,"-"),H13,IF(--_xlfn.TEXTAFTER(K13,"-")>--_xlfn.TEXTBEFORE(K13,"-"),I13,"Tie")),"Check score")) -> Yuvraj + Karthik KB | K13: 21-16 | L13: =IF(K13="","",IFERROR(IF(--_xlfn.TEXTBEFORE(K13,"-")>--_xlfn.TEXTAFTER(K13,"-"),D13,IF(--_xlfn.TEXTAFTER(K13,"-")>--_xlfn.TEXTBEFORE(K13,"-"),E13,"Tie")),"Check score")) -> Team 2 | N13: =IFERROR(--_xlfn.TEXTBEFORE(K13,"-"),"") -> 21 | O13: =IFERROR(--_xlfn.TEXTAFTER(K13,"-"),"") -> 16 | P13: =IF(OR(N13="",O13=""),"",N13-O13) -> 5
B14: Day 1 | C14: Post Office Hours | D14: Team 1 | E14: Team 5 | F14: Team 1+Team 5 | G14: Men's Doubles 1 | H14: Nikhil M + Jinendar | I14: Shravanth + Vrishin | J14: =IF(K14="","",IFERROR(IF(--_xlfn.TEXTBEFORE(K14,"-")>--_xlfn.TEXTAFTER(K14,"-"),H14,IF(--_xlfn.TEXTAFTER(K14,"-")>--_xlfn.TEXTBEFORE(K14,"-"),I14,"Tie")),"Check score")) -> Nikhil M + Jinendar | K14: 21-11 | L14: =IF(K14="","",IFERROR(IF(--_xlfn.TEXTBEFORE(K14,"-")>--_xlfn.TEXTAFTER(K14,"-"),D14,IF(--_xlfn.TEXTAFTER(K14,"-")>--_xlfn.TEXTBEFORE(K14,"-"),E14,"Tie")),"Check score")) -> Team 1 | N14: =IFERROR(--_xlfn.TEXTBEFORE(K14,"-"),"") -> 21 | O14: =IFERROR(--_xlfn.TEXTAFTER(K14,"-"),"") -> 11 | P14: =IF(OR(N14="",O14=""),"",N14-O14) -> 10
B15: Day 1 | C15: Post Office Hours | D15: Team 4 | E15: Team 6 | F15: Team 4+Team 6 | G15: Women's Doubles | H15: Subashree + Sanjana | I15: Neha P Jain + Drishti | J15: =IF(K15="","",IFERROR(IF(--_xlfn.TEXTBEFORE(K15,"-")>--_xlfn.TEXTAFTER(K15,"-"),H15,IF(--_xlfn.TEXTAFTER(K15,"-")>--_xlfn.TEXTBEFORE(K15,"-"),I15,"Tie")),"Check score")) -> Subashree + Sanjana | K15: 21-11 | L15: =IF(K15="","",IFERROR(IF(--_xlfn.TEXTBEFORE(K15,"-")>--_xlfn.TEXTAFTER(K15,"-"),D15,IF(--_xlfn.TEXTAFTER(K15,"-")>--_xlfn.TEXTBEFORE(K15,"-"),E15,"Tie")),"Check score")) -> Team 4 | N15: =IFERROR(--_xlfn.TEXTBEFORE(K15,"-"),"") -> 21 | O15: =IFERROR(--_xlfn.TEXTAFTER(K15,"-"),"") -> 11 | P15: =IF(OR(N15="",O15=""),"",N15-O15) -> 10
B16: Day 1 | C16: Post Office Hours | D16: Team 1 | E16: Team 3 | F16: Team 1+Team 3 | G16: Women's Doubles | H16: Amrutha + Neha | I16: Mamta + Rithu | J16: =IF(K16="","",IFERROR(IF(--_xlfn.TEXTBEFORE(K16,"-")>--_xlfn.TEXTAFTER(K16,"-"),H16,IF(--_xlfn.TEXTAFTER(K16,"-")>--_xlfn.TEXTBEFORE(K16,"-"),I16,"Tie")),"Check score")) -> Amrutha + Neha | K16: 21-13 | L16: =IF(K16="","",IFERROR(IF(--_xlfn.TEXTBEFORE(K16,"-")>--_xlfn.TEXTAFTER(K16,"-"),D16,IF(--_xlfn.TEXTAFTER(K16,"-")>--_xlfn.TEXTBEFORE(K16,"-"),E16,"Tie")),"Check score")) -> Team 1 | N16: =IFERROR(--_xlfn.TEXTBEFORE(K16,"-"),"") -> 21 | O16: =IFERROR(--_xlfn.TEXTAFTER(K16,"-"),"") -> 13 | P16: =IF(OR(N16="",O16=""),"",N16-O16) -> 8
B17: Day 2 | C17: Lunch Break | D17: Team 3 | E17: Team 6 | F17: Team 3+Team 6 | G17: Men's Doubles 1 | H17: Kunal D + Anirudha H | I17: Nagarajan + Chandrashaker Joshi | J17: =IF(K17="","",IFERROR(IF(--_xlfn.TEXTBEFORE(K17,"-")>--_xlfn.TEXTAFTER(K17,"-"),H17,IF(--_xlfn.TEXTAFTER(K17,"-")>--_xlfn.TEXTBEFORE(K17,"-"),I17,"Tie")),"Check score")) -> Kunal D + Anirudha H | K17: 21-18 | L17: =IF(K17="","",IFERROR(IF(--_xlfn.TEXTBEFORE(K17,"-")>--_xlfn.TEXTAFTER(K17,"-"),D17,IF(--_xlfn.TEXTAFTER(K17,"-")>--_xlfn.TEXTBEFORE(K17,"-"),E17,"Tie")),"Check score")) -> Team 3 | N17: =IFERROR(--_xlfn.TEXTBEFORE(K17,"-"),"") -> 21 | O17: =IFERROR(--_xlfn.TEXTAFTER(K17,"-"),"") -> 18 | P17: =IF(OR(N17="",O17=""),"",N17-O17) -> 3
B18: Day 2 | C18: Lunch Break | D18: Team 1 | E18: Team 4 | F18: Team 1+Team 4 | G18: Mixed Doubles | H18: Neha + Dhruv Jaju | I18: Sanjana + Bharatha S | J18: =IF(K18="","",IFERROR(IF(--_xlfn.TEXTBEFORE(K18,"-")>--_xlfn.TEXTAFTER(K18,"-"),H18,IF(--_xlfn.TEXTAFTER(K18,"-")>--_xlfn.TEXTBEFORE(K18,"-"),I18,"Tie")),"Check score")) -> Neha + Dhruv Jaju | K18: 21-17 | L18: =IF(K18="","",IFERROR(IF(--_xlfn.TEXTBEFORE(K18,"-")>--_xlfn.TEXTAFTER(K18,"-"),D18,IF(--_xlfn.TEXTAFTER(K18,"-")>--_xlfn.TEXTBEFORE(K18,"-"),E18,"Tie")),"Check score")) -> Team 1 | N18: =IFERROR(--_xlfn.TEXTBEFORE(K18,"-"),"") -> 21 | O18: =IFERROR(--_xlfn.TEXTAFTER(K18,"-"),"") -> 17 | P18: =IF(OR(N18="",O18=""),"",N18-O18) -> 4
B19: Day 2 | C19: Lunch Break | D19: Team 3 | E19: Team 4 | F19: Team 3+Team 4 | G19: Men's Singles 1 | H19: Sujal | I19: Naman | J19: =IF(K19="","",IFERROR(IF(--_xlfn.TEXTBEFORE(K19,"-")>--_xlfn.TEXTAFTER(K19,"-"),H19,IF(--_xlfn.TEXTAFTER(K19,"-")>--_xlfn.TEXTBEFORE(K19,"-"),I19,"Tie")),"Check score")) -> Sujal | K19: 21-12 | L19: =IF(K19="","",IFERROR(IF(--_xlfn.TEXTBEFORE(K19,"-")>--_xlfn.TEXTAFTER(K19,"-"),D19,IF(--_xlfn.TEXTAFTER(K19,"-")>--_xlfn.TEXTBEFORE(K19,"-"),E19,"Tie")),"Check score")) -> Team 3 | N19: =IFERROR(--_xlfn.TEXTBEFORE(K19,"-"),"") -> 21 | O19: =IFERROR(--_xlfn.TEXTAFTER(K19,"-"),"") -> 12 | P19: =IF(OR(N19="",O19=""),"",N19-O19) -> 9
B20: Day 2 | C20: Lunch Break | D20: Team 2 | E20: Team 3 | F20: Team 2+Team 3 | G20: Men's Singles 1 | H20: Dhruv C | I20: Sujal | J20: =IF(K20="","",IFERROR(IF(--_xlfn.TEXTBEFORE(K20,"-")>--_xlfn.TEXTAFTER(K20,"-"),H20,IF(--_xlfn.TEXTAFTER(K20,"-")>--_xlfn.TEXTBEFORE(K20,"-"),I20,"Tie")),"Check score")) -> Sujal | K20: 16-21 | L20: =IF(K20="","",IFERROR(IF(--_xlfn.TEXTBEFORE(K20,"-")>--_xlfn.TEXTAFTER(K20,"-"),D20,IF(--_xlfn.TEXTAFTER(K20,"-")>--_xlfn.TEXTBEFORE(K20,"-"),E20,"Tie")),"Check score")) -> Team 3 | N20: =IFERROR(--_xlfn.TEXTBEFORE(K20,"-"),"") -> 16 | O20: =IFERROR(--_xlfn.TEXTAFTER(K20,"-"),"") -> 21 | P20: =IF(OR(N20="",O20=""),"",N20-O20) -> -5
B21: Day 2 | C21: Lunch Break | D21: Team 3 | E21: Team 4 | F21: Team 3+Team 4 | G21: Mixed Doubles | H21: Rithu + Darshan Patel | I21: Sanjana + Bharatha S | J21: =IF(K21="","",IFERROR(IF(--_xlfn.TEXTBEFORE(K21,"-")>--_xlfn.TEXTAFTER(K21,"-"),H21,IF(--_xlfn.TEXTAFTER(K21,"-")>--_xlfn.TEXTBEFORE(K21,"-"),I21,"Tie")),"Check score")) -> Rithu + Darshan Patel | K21: 21-16 | L21: =IF(K21="","",IFERROR(IF(--_xlfn.TEXTBEFORE(K21,"-")>--_xlfn.TEXTAFTER(K21,"-"),D21,IF(--_xlfn.TEXTAFTER(K21,"-")>--_xlfn.TEXTBEFORE(K21,"-"),E21,"Tie")),"Check score")) -> Team 3 | N21: =IFERROR(--_xlfn.TEXTBEFORE(K21,"-"),"") -> 21 | O21: =IFERROR(--_xlfn.TEXTAFTER(K21,"-"),"") -> 16 | P21: =IF(OR(N21="",O21=""),"",N21-O21) -> 5
B22: Day 2 | C22: Lunch Break | D22: Team 1 | E22: Team 6 | F22: Team 1+Team 6 | G22: Men's Doubles 2 | H22: Sreesha + Manan | I22: Rohan + Bhuvanesh | J22: =IF(K22="","",IFERROR(IF(--_xlfn.TEXTBEFORE(K22,"-")>--_xlfn.TEXTAFTER(K22,"-"),H22,IF(--_xlfn.TEXTAFTER(K22,"-")>--_xlfn.TEXTBEFORE(K22,"-"),I22,"Tie")),"Check score")) | L22: =IF(K22="","",IFERROR(IF(--_xlfn.TEXTBEFORE(K22,"-")>--_xlfn.TEXTAFTER(K22,"-"),D22,IF(--_xlfn.TEXTAFTER(K22,"-")>--_xlfn.TEXTBEFORE(K22,"-"),E22,"Tie")),"Check score")) | M22: C | N22: =IFERROR(--_xlfn.TEXTBEFORE(K22,"-"),"") | O22: =IFERROR(--_xlfn.TEXTAFTER(K22,"-"),"") | P22: =IF(OR(N22="",O22=""),"",N22-O22)
B23: Day 2 | C23: Lunch Break | D23: Team 3 | E23: Team 5 | F23: Team 3+Team 5 | G23: Women's Singles | H23: Mamta | I23: Riya | J23: =IF(K23="","",IFERROR(IF(--_xlfn.TEXTBEFORE(K23,"-")>--_xlfn.TEXTAFTER(K23,"-"),H23,IF(--_xlfn.TEXTAFTER(K23,"-")>--_xlfn.TEXTBEFORE(K23,"-"),I23,"Tie")),"Check score")) -> Mamta | K23: 21-12 | L23: =IF(K23="","",IFERROR(IF(--_xlfn.TEXTBEFORE(K23,"-")>--_xlfn.TEXTAFTER(K23,"-"),D23,IF(--_xlfn.TEXTAFTER(K23,"-")>--_xlfn.TEXTBEFORE(K23,"-"),E23,"Tie")),"Check score")) -> Team 3 | N23: =IFERROR(--_xlfn.TEXTBEFORE(K23,"-"),"") -> 21 | O23: =IFERROR(--_xlfn.TEXTAFTER(K23,"-"),"") -> 12 | P23: =IF(OR(N23="",O23=""),"",N23-O23) -> 9
B24: Day 2 | C24: Post Office Hours | D24: Team 2 | E24: Team 6 | F24: Team 2+Team 6 | G24: Men's Singles 2 | H24: Avaneesh | I24: Navtej | J24: =IF(K24="","",IFERROR(IF(--_xlfn.TEXTBEFORE(K24,"-")>--_xlfn.TEXTAFTER(K24,"-"),H24,IF(--_xlfn.TEXTAFTER(K24,"-")>--_xlfn.TEXTBEFORE(K24,"-"),I24,"Tie")),"Check score")) -> Navtej | K24: 12-21 | L24: =IF(K24="","",IFERROR(IF(--_xlfn.TEXTBEFORE(K24,"-")>--_xlfn.TEXTAFTER(K24,"-"),D24,IF(--_xlfn.TEXTAFTER(K24,"-")>--_xlfn.TEXTBEFORE(K24,"-"),E24,"Tie")),"Check score")) -> Team 6 | N24: =IFERROR(--_xlfn.TEXTBEFORE(K24,"-"),"") -> 12 | O24: =IFERROR(--_xlfn.TEXTAFTER(K24,"-"),"") -> 21 | P24: =IF(OR(N24="",O24=""),"",N24-O24) -> -9
B25: Day 2 | C25: Post Office Hours | D25: Team 2 | E25: Team 6 | F25: Team 2+Team 6 | G25: Men's Singles 1 | H25: Dhruv C | I25: Anshul | J25: =IF(K25="","",IFERROR(IF(--_xlfn.TEXTBEFORE(K25,"-")>--_xlfn.TEXTAFTER(K25,"-"),H25,IF(--_xlfn.TEXTAFTER(K25,"-")>--_xlfn.TEXTBEFORE(K25,"-"),I25,"Tie")),"Check score")) -> Anshul | K25: 0-21 | L25: =IF(K25="","",IFERROR(IF(--_xlfn.TEXTBEFORE(K25,"-")>--_xlfn.TEXTAFTER(K25,"-"),D25,IF(--_xlfn.TEXTAFTER(K25,"-")>--_xlfn.TEXTBEFORE(K25,"-"),E25,"Tie")),"Check score")) -> Team 6 | N25: =IFERROR(--_xlfn.TEXTBEFORE(K25,"-"),"") -> 0 | O25: =IFERROR(--_xlfn.TEXTAFTER(K25,"-"),"") -> 21 | P25: =IF(OR(N25="",O25=""),"",N25-O25) -> -21
B26: Day 2 | C26: Post Office Hours | D26: Team 3 | E26: Team 6 | F26: Team 3+Team 6 | G26: Mixed Doubles | H26: Rithu + Darshan Patel | I26: Drishti + Sanath | J26: =IF(K26="","",IFERROR(IF(--_xlfn.TEXTBEFORE(K26,"-")>--_xlfn.TEXTAFTER(K26,"-"),H26,IF(--_xlfn.TEXTAFTER(K26,"-")>--_xlfn.TEXTBEFORE(K26,"-"),I26,"Tie")),"Check score")) -> Rithu + Darshan Patel | K26: 21-14 | L26: =IF(K26="","",IFERROR(IF(--_xlfn.TEXTBEFORE(K26,"-")>--_xlfn.TEXTAFTER(K26,"-"),D26,IF(--_xlfn.TEXTAFTER(K26,"-")>--_xlfn.TEXTBEFORE(K26,"-"),E26,"Tie")),"Check score")) -> Team 3 | N26: =IFERROR(--_xlfn.TEXTBEFORE(K26,"-"),"") -> 21 | O26: =IFERROR(--_xlfn.TEXTAFTER(K26,"-"),"") -> 14 | P26: =IF(OR(N26="",O26=""),"",N26-O26) -> 7
B27: Day 2 | C27: Post Office Hours | D27: Team 3 | E27: Team 6 | F27: Team 3+Team 6 | G27: Women's Singles | H27: Mamta | I27: Neha P Jain | J27: =IF(K27="","",IFERROR(IF(--_xlfn.TEXTBEFORE(K27,"-")>--_xlfn.TEXTAFTER(K27,"-"),H27,IF(--_xlfn.TEXTAFTER(K27,"-")>--_xlfn.TEXTBEFORE(K27,"-"),I27,"Tie")),"Check score")) -> Neha P Jain | K27: 11-21 | L27: =IF(K27="","",IFERROR(IF(--_xlfn.TEXTBEFORE(K27,"-")>--_xlfn.TEXTAFTER(K27,"-"),D27,IF(--_xlfn.TEXTAFTER(K27,"-")>--_xlfn.TEXTBEFORE(K27,"-"),E27,"Tie")),"Check score")) -> Team 6 | N27: =IFERROR(--_xlfn.TEXTBEFORE(K27,"-"),"") -> 11 | O27: =IFERROR(--_xlfn.TEXTAFTER(K27,"-"),"") -> 21 | P27: =IF(OR(N27="",O27=""),"",N27-O27) -> -10
B28: Day 2 | C28: Post Office Hours | D28: Team 2 | E28: Team 3 | F28: Team 2+Team 3 | G28: Men's Doubles 2 | H28: Yuvraj + Karthik KB | I28: Sarvesh H + Deviprasad | J28: =IF(K28="","",IFERROR(IF(--_xlfn.TEXTBEFORE(K28,"-")>--_xlfn.TEXTAFTER(K28,"-"),H28,IF(--_xlfn.TEXTAFTER(K28,"-")>--_xlfn.TEXTBEFORE(K28,"-"),I28,"Tie")),"Check score")) -> Sarvesh H + Deviprasad | K28: 17-21 | L28: =IF(K28="","",IFERROR(IF(--_xlfn.TEXTBEFORE(K28,"-")>--_xlfn.TEXTAFTER(K28,"-"),D28,IF(--_xlfn.TEXTAFTER(K28,"-")>--_xlfn.TEXTBEFORE(K28,"-"),E28,"Tie")),"Check score")) -> Team 3 | N28: =IFERROR(--_xlfn.TEXTBEFORE(K28,"-"),"") -> 17 | O28: =IFERROR(--_xlfn.TEXTAFTER(K28,"-"),"") -> 21 | P28: =IF(OR(N28="",O28=""),"",N28-O28) -> -4
B29: Day 2 | C29: Post Office Hours | D29: Team 1 | E29: Team 5 | F29: Team 1+Team 5 | G29: Men's Doubles 2 | H29: Sreesha + Manan | I29: Rohith + Darshan H | J29: =IF(K29="","",IFERROR(IF(--_xlfn.TEXTBEFORE(K29,"-")>--_xlfn.TEXTAFTER(K29,"-"),H29,IF(--_xlfn.TEXTAFTER(K29,"-")>--_xlfn.TEXTBEFORE(K29,"-"),I29,"Tie")),"Check score")) -> Sreesha + Manan | K29: 21-10 | L29: =IF(K29="","",IFERROR(IF(--_xlfn.TEXTBEFORE(K29,"-")>--_xlfn.TEXTAFTER(K29,"-"),D29,IF(--_xlfn.TEXTAFTER(K29,"-")>--_xlfn.TEXTBEFORE(K29,"-"),E29,"Tie")),"Check score")) -> Team 1 | N29: =IFERROR(--_xlfn.TEXTBEFORE(K29,"-"),"") -> 21 | O29: =IFERROR(--_xlfn.TEXTAFTER(K29,"-"),"") -> 10 | P29: =IF(OR(N29="",O29=""),"",N29-O29) -> 11
B30: Day 2 | C30: Post Office Hours | D30: Team 5 | E30: Team 6 | F30: Team 5+Team 6 | G30: Men's Singles 1 | H30: Pavan D | I30: Anshul | J30: =IF(K30="","",IFERROR(IF(--_xlfn.TEXTBEFORE(K30,"-")>--_xlfn.TEXTAFTER(K30,"-"),H30,IF(--_xlfn.TEXTAFTER(K30,"-")>--_xlfn.TEXTBEFORE(K30,"-"),I30,"Tie")),"Check score")) -> Pavan D | K30: 21-15 | L30: =IF(K30="","",IFERROR(IF(--_xlfn.TEXTBEFORE(K30,"-")>--_xlfn.TEXTAFTER(K30,"-"),D30,IF(--_xlfn.TEXTAFTER(K30,"-")>--_xlfn.TEXTBEFORE(K30,"-"),E30,"Tie")),"Check score")) -> Team 5 | N30: =IFERROR(--_xlfn.TEXTBEFORE(K30,"-"),"") -> 21 | O30: =IFERROR(--_xlfn.TEXTAFTER(K30,"-"),"") -> 15 | P30: =IF(OR(N30="",O30=""),"",N30-O30) -> 6
B31: Day 3 | C31: Lunch Break | D31: Team 2 | E31: Team 5 | F31: Team 2+Team 5 | G31: Men's Singles 1 | H31: Dhruv C | I31: Pavan D | J31: =IF(K31="","",IFERROR(IF(--_xlfn.TEXTBEFORE(K31,"-")>--_xlfn.TEXTAFTER(K31,"-"),H31,IF(--_xlfn.TEXTAFTER(K31,"-")>--_xlfn.TEXTBEFORE(K31,"-"),I31,"Tie")),"Check score")) -> Pavan D | K31: 7-21 | L31: =IF(K31="","",IFERROR(IF(--_xlfn.TEXTBEFORE(K31,"-")>--_xlfn.TEXTAFTER(K31,"-"),D31,IF(--_xlfn.TEXTAFTER(K31,"-")>--_xlfn.TEXTBEFORE(K31,"-"),E31,"Tie")),"Check score")) -> Team 5 | N31: =IFERROR(--_xlfn.TEXTBEFORE(K31,"-"),"") -> 7 | O31: =IFERROR(--_xlfn.TEXTAFTER(K31,"-"),"") -> 21 | P31: =IF(OR(N31="",O31=""),"",N31-O31) -> -14
B32: Day 3 | C32: Lunch Break | D32: Team 4 | E32: Team 6 | F32: Team 4+Team 6 | G32: Men's Singles 2 | H32: Jay B | I32: Navtej | J32: =IF(K32="","",IFERROR(IF(--_xlfn.TEXTBEFORE(K32,"-")>--_xlfn.TEXTAFTER(K32,"-"),H32,IF(--_xlfn.TEXTAFTER(K32,"-")>--_xlfn.TEXTBEFORE(K32,"-"),I32,"Tie")),"Check score")) -> Jay B | K32: 21-7 | L32: =IF(K32="","",IFERROR(IF(--_xlfn.TEXTBEFORE(K32,"-")>--_xlfn.TEXTAFTER(K32,"-"),D32,IF(--_xlfn.TEXTAFTER(K32,"-")>--_xlfn.TEXTBEFORE(K32,"-"),E32,"Tie")),"Check score")) -> Team 4 | N32: =IFERROR(--_xlfn.TEXTBEFORE(K32,"-"),"") -> 21 | O32: =IFERROR(--_xlfn.TEXTAFTER(K32,"-"),"") -> 7 | P32: =IF(OR(N32="",O32=""),"",N32-O32) -> 14
B33: Day 3 | C33: Lunch Break | D33: Team 2 | E33: Team 5 | F33: Team 2+Team 5 | G33: Women's Singles | H33: Vaishnavi M | I33: Riya | J33: =IF(K33="","",IFERROR(IF(--_xlfn.TEXTBEFORE(K33,"-")>--_xlfn.TEXTAFTER(K33,"-"),H33,IF(--_xlfn.TEXTAFTER(K33,"-")>--_xlfn.TEXTBEFORE(K33,"-"),I33,"Tie")),"Check score")) -> Vaishnavi M | K33: 21-14 | L33: =IF(K33="","",IFERROR(IF(--_xlfn.TEXTBEFORE(K33,"-")>--_xlfn.TEXTAFTER(K33,"-"),D33,IF(--_xlfn.TEXTAFTER(K33,"-")>--_xlfn.TEXTBEFORE(K33,"-"),E33,"Tie")),"Check score")) -> Team 2 | N33: =IFERROR(--_xlfn.TEXTBEFORE(K33,"-"),"") -> 21 | O33: =IFERROR(--_xlfn.TEXTAFTER(K33,"-"),"") -> 14 | P33: =IF(OR(N33="",O33=""),"",N33-O33) -> 7
B34: Day 3 | C34: Lunch Break | D34: Team 4 | E34: Team 6 | F34: Team 4+Team 6 | G34: Men's Doubles 2 | H34: Khush B + Hemanth | I34: Rohan + Bhuvanesh | J34: =IF(K34="","",IFERROR(IF(--_xlfn.TEXTBEFORE(K34,"-")>--_xlfn.TEXTAFTER(K34,"-"),H34,IF(--_xlfn.TEXTAFTER(K34,"-")>--_xlfn.TEXTBEFORE(K34,"-"),I34,"Tie")),"Check score")) -> Rohan + Bhuvanesh | K34: 13-21 | L34: =IF(K34="","",IFERROR(IF(--_xlfn.TEXTBEFORE(K34,"-")>--_xlfn.TEXTAFTER(K34,"-"),D34,IF(--_xlfn.TEXTAFTER(K34,"-")>--_xlfn.TEXTBEFORE(K34,"-"),E34,"Tie")),"Check score")) -> Team 6 | N34: =IFERROR(--_xlfn.TEXTBEFORE(K34,"-"),"") -> 13 | O34: =IFERROR(--_xlfn.TEXTAFTER(K34,"-"),"") -> 21 | P34: =IF(OR(N34="",O34=""),"",N34-O34) -> -8
... B49: Day 4 | C49: Lunch Break | D49: Team 1 | E49: Team 2 | F49: Team 1+Team 2 | G49: Men's Doubles 2 | H49: Sreesha + Manan | I49: Yuvraj + Karthik KB | J49: =IF(K49="","",IFERROR(IF(--_xlfn.TEXTBEFORE(K49,"-")>--_xlfn.TEXTAFTER(K49,"-"),H49,IF(--_xlfn.TEXTAFTER(K49,"-")>--_xlfn.TEXTBEFORE(K49,"-"),I49,"Tie")),"Check score")) -> Yuvraj + Karthik KB | K49: 08-21 | L49: =IF(K49="","",IFERROR(IF(--_xlfn.TEXTBEFORE(K49,"-")>--_xlfn.TEXTAFTER(K49,"-"),D49,IF(--_xlfn.TEXTAFTER(K49,"-")>--_xlfn.TEXTBEFORE(K49,"-"),E49,"Tie")),"Check score")) -> Team 2 | N49: =IFERROR(--_xlfn.TEXTBEFORE(K49,"-"),"") -> 8 | O49: =IFERROR(--_xlfn.TEXTAFTER(K49,"-"),"") -> 21 | P49: =IF(OR(N49="",O49=""),"",N49-O49) -> -13
B50: Day 4 | C50: Lunch Break | D50: Team 2 | E50: Team 6 | F50: Team 2+Team 6 | G50: Women's Doubles | H50: Vaishnavi M + Keerthana | I50: Neha P Jain + Drishti | J50: =IF(K50="","",IFERROR(IF(--_xlfn.TEXTBEFORE(K50,"-")>--_xlfn.TEXTAFTER(K50,"-"),H50,IF(--_xlfn.TEXTAFTER(K50,"-")>--_xlfn.TEXTBEFORE(K50,"-"),I50,"Tie")),"Check score")) | L50: =IF(K50="","",IFERROR(IF(--_xlfn.TEXTBEFORE(K50,"-")>--_xlfn.TEXTAFTER(K50,"-"),D50,IF(--_xlfn.TEXTAFTER(K50,"-")>--_xlfn.TEXTBEFORE(K50,"-"),E50,"Tie")),"Check score")) | M50: C | N50: =IFERROR(--_xlfn.TEXTBEFORE(K50,"-"),"") | O50: =IFERROR(--_xlfn.TEXTAFTER(K50,"-"),"") | P50: =IF(OR(N50="",O50=""),"",N50-O50)
B51: Day 4 | C51: Lunch Break | D51: Team 3 | E51: Team 4 | F51: Team 3+Team 4 | G51: Women's Doubles | H51: Mamta + Rithu | I51: Subashree + Sanjana | J51: =IF(K51="","",IFERROR(IF(--_xlfn.TEXTBEFORE(K51,"-")>--_xlfn.TEXTAFTER(K51,"-"),H51,IF(--_xlfn.TEXTAFTER(K51,"-")>--_xlfn.TEXTBEFORE(K51,"-"),I51,"Tie")),"Check score")) -> Subashree + Sanjana | K51: 16-21 | L51: =IF(K51="","",IFERROR(IF(--_xlfn.TEXTBEFORE(K51,"-")>--_xlfn.TEXTAFTER(K51,"-"),D51,IF(--_xlfn.TEXTAFTER(K51,"-")>--_xlfn.TEXTBEFORE(K51,"-"),E51,"Tie")),"Check score")) -> Team 4 | N51: =IFERROR(--_xlfn.TEXTBEFORE(K51,"-"),"") -> 16 | O51: =IFERROR(--_xlfn.TEXTAFTER(K51,"-"),"") -> 21 | P51: =IF(OR(N51="",O51=""),"",N51-O51) -> -5
B52: Day 4 | C52: Post Office Hours | D52: Team 1 | E52: Team 5 | F52: Team 1+Team 5 | G52: Mixed Doubles | H52: Neha + Dhruv Jaju | I52: Yukti + Niranjan | J52: =IF(K52="","",IFERROR(IF(--_xlfn.TEXTBEFORE(K52,"-")>--_xlfn.TEXTAFTER(K52,"-"),H52,IF(--_xlfn.TEXTAFTER(K52,"-")>--_xlfn.TEXTBEFORE(K52,"-"),I52,"Tie")),"Check score")) -> Yukti + Niranjan | K52: 15-21 | L52: =IF(K52="","",IFERROR(IF(--_xlfn.TEXTBEFORE(K52,"-")>--_xlfn.TEXTAFTER(K52,"-"),D52,IF(--_xlfn.TEXTAFTER(K52,"-")>--_xlfn.TEXTBEFORE(K52,"-"),E52,"Tie")),"Check score")) -> Team 5 | N52: =IFERROR(--_xlfn.TEXTBEFORE(K52,"-"),"") -> 15 | O52: =IFERROR(--_xlfn.TEXTAFTER(K52,"-"),"") -> 21 | P52: =IF(OR(N52="",O52=""),"",N52-O52) -> -6
B53: Day 4 | C53: Post Office Hours | D53: Team 1 | E53: Team 5 | F53: Team 1+Team 5 | G53: Women's Singles | H53: Amrutha | I53: Riya | J53: =IF(K53="","",IFERROR(IF(--_xlfn.TEXTBEFORE(K53,"-")>--_xlfn.TEXTAFTER(K53,"-"),H53,IF(--_xlfn.TEXTAFTER(K53,"-")>--_xlfn.TEXTBEFORE(K53,"-"),I53,"Tie")),"Check score")) -> Amrutha | K53: 21-16 | L53: =IF(K53="","",IFERROR(IF(--_xlfn.TEXTBEFORE(K53,"-")>--_xlfn.TEXTAFTER(K53,"-"),D53,IF(--_xlfn.TEXTAFTER(K53,"-")>--_xlfn.TEXTBEFORE(K53,"-"),E53,"Tie")),"Check score")) -> Team 1 | N53: =IFERROR(--_xlfn.TEXTBEFORE(K53,"-"),"") -> 21 | O53: =IFERROR(--_xlfn.TEXTAFTER(K53,"-"),"") -> 16 | P53: =IF(OR(N53="",O53=""),"",N53-O53) -> 5
B54: Day 4 | C54: Post Office Hours | D54: Team 4 | E54: Team 6 | F54: Team 4+Team 6 | G54: Men's Singles 1 | H54: Naman | I54: Anshul | J54: =IF(K54="","",IFERROR(IF(--_xlfn.TEXTBEFORE(K54,"-")>--_xlfn.TEXTAFTER(K54,"-"),H54,IF(--_xlfn.TEXTAFTER(K54,"-")>--_xlfn.TEXTBEFORE(K54,"-"),I54,"Tie")),"Check score")) -> Naman | K54: 21-18 | L54: =IF(K54="","",IFERROR(IF(--_xlfn.TEXTBEFORE(K54,"-")>--_xlfn.TEXTAFTER(K54,"-"),D54,IF(--_xlfn.TEXTAFTER(K54,"-")>--_xlfn.TEXTBEFORE(K54,"-"),E54,"Tie")),"Check score")) -> Team 4 | N54: =IFERROR(--_xlfn.TEXTBEFORE(K54,"-"),"") -> 21 | O54: =IFERROR(--_xlfn.TEXTAFTER(K54,"-"),"") -> 18 | P54: =IF(OR(N54="",O54=""),"",N54-O54) -> 3
B55: Day 4 | C55: Post Office Hours | D55: Team 1 | E55: Team 3 | F55: Team 1+Team 3 | G55: Men's Doubles 2 | H55: Sreesha + Manan | I55: Sarvesh H + Deviprasad | J55: =IF(K55="","",IFERROR(IF(--_xlfn.TEXTBEFORE(K55,"-")>--_xlfn.TEXTAFTER(K55,"-"),H55,IF(--_xlfn.TEXTAFTER(K55,"-")>--_xlfn.TEXTBEFORE(K55,"-"),I55,"Tie")),"Check score")) -> Sarvesh H + Deviprasad | K55: 22-24 | L55: =IF(K55="","",IFERROR(IF(--_xlfn.TEXTBEFORE(K55,"-")>--_xlfn.TEXTAFTER(K55,"-"),D55,IF(--_xlfn.TEXTAFTER(K55,"-")>--_xlfn.TEXTBEFORE(K55,"-"),E55,"Tie")),"Check score")) -> Team 3 | N55: =IFERROR(--_xlfn.TEXTBEFORE(K55,"-"),"") -> 22 | O55: =IFERROR(--_xlfn.TEXTAFTER(K55,"-"),"") -> 24 | P55: =IF(OR(N55="",O55=""),"",N55-O55) -> -2
B56: Day 4 | C56: Post Office Hours | D56: Team 3 | E56: Team 4 | F56: Team 3+Team 4 | G56: Men's Doubles 2 | H56: Sarvesh H + Deviprasad | I56: Khush B + Hemanth | J56: =IF(K56="","",IFERROR(IF(--_xlfn.TEXTBEFORE(K56,"-")>--_xlfn.TEXTAFTER(K56,"-"),H56,IF(--_xlfn.TEXTAFTER(K56,"-")>--_xlfn.TEXTBEFORE(K56,"-"),I56,"Tie")),"Check score")) -> Sarvesh H + Deviprasad | K56: 22-20 | L56: =IF(K56="","",IFERROR(IF(--_xlfn.TEXTBEFORE(K56,"-")>--_xlfn.TEXTAFTER(K56,"-"),D56,IF(--_xlfn.TEXTAFTER(K56,"-")>--_xlfn.TEXTBEFORE(K56,"-"),E56,"Tie")),"Check score")) -> Team 3 | N56: =IFERROR(--_xlfn.TEXTBEFORE(K56,"-"),"") -> 22 | O56: =IFERROR(--_xlfn.TEXTAFTER(K56,"-"),"") -> 20 | P56: =IF(OR(N56="",O56=""),"",N56-O56) -> 2
B57: Day 4 | C57: Post Office Hours | D57: Team 4 | E57: Team 5 | F57: Team 4+Team 5 | G57: Men's Singles 1 | H57: Naman | I57: Pavan D | J57: =IF(K57="","",IFERROR(IF(--_xlfn.TEXTBEFORE(K57,"-")>--_xlfn.TEXTAFTER(K57,"-"),H57,IF(--_xlfn.TEXTAFTER(K57,"-")>--_xlfn.TEXTBEFORE(K57,"-"),I57,"Tie")),"Check score")) -> Pavan D | K57: 14-21 | L57: =IF(K57="","",IFERROR(IF(--_xlfn.TEXTBEFORE(K57,"-")>--_xlfn.TEXTAFTER(K57,"-"),D57,IF(--_xlfn.TEXTAFTER(K57,"-")>--_xlfn.TEXTBEFORE(K57,"-"),E57,"Tie")),"Check score")) -> Team 5 | N57: =IFERROR(--_xlfn.TEXTBEFORE(K57,"-"),"") -> 14 | O57: =IFERROR(--_xlfn.TEXTAFTER(K57,"-"),"") -> 21 | P57: =IF(OR(N57="",O57=""),"",N57-O57) -> -7
B58: Day 4 | C58: Post Office Hours | D58: Team 2 | E58: Team 6 | F58: Team 2+Team 6 | G58: Mixed Doubles | H58: Keerthana + Abhiram | I58: Drishti + Sanath | J58: =IF(K58="","",IFERROR(IF(--_xlfn.TEXTBEFORE(K58,"-")>--_xlfn.TEXTAFTER(K58,"-"),H58,IF(--_xlfn.TEXTAFTER(K58,"-")>--_xlfn.TEXTBEFORE(K58,"-"),I58,"Tie")),"Check score")) -> Keerthana + Abhiram | K58: 21-08 | L58: =IF(K58="","",IFERROR(IF(--_xlfn.TEXTBEFORE(K58,"-")>--_xlfn.TEXTAFTER(K58,"-"),D58,IF(--_xlfn.TEXTAFTER(K58,"-")>--_xlfn.TEXTBEFORE(K58,"-"),E58,"Tie")),"Check score")) -> Team 2 | N58: =IFERROR(--_xlfn.TEXTBEFORE(K58,"-"),"") -> 21 | O58: =IFERROR(--_xlfn.TEXTAFTER(K58,"-"),"") -> 8 | P58: =IF(OR(N58="",O58=""),"",N58-O58) -> 13
B59: Day 5 | C59: Lunch Break | D59: Team 2 | E59: Team 3 | F59: Team 2+Team 3 | G59: Women's Doubles | H59: Vaishnavi M + Keerthana | I59: Mamta + Rithu | J59: =IF(K59="","",IFERROR(IF(--_xlfn.TEXTBEFORE(K59,"-")>--_xlfn.TEXTAFTER(K59,"-"),H59,IF(--_xlfn.TEXTAFTER(K59,"-")>--_xlfn.TEXTBEFORE(K59,"-"),I59,"Tie")),"Check score")) -> Vaishnavi M + Keerthana | K59: 21-14 | L59: =IF(K59="","",IFERROR(IF(--_xlfn.TEXTBEFORE(K59,"-")>--_xlfn.TEXTAFTER(K59,"-"),D59,IF(--_xlfn.TEXTAFTER(K59,"-")>--_xlfn.TEXTBEFORE(K59,"-"),E59,"Tie")),"Check score")) -> Team 2 | N59: =IFERROR(--_xlfn.TEXTBEFORE(K59,"-"),"") -> 21 | O59: =IFERROR(--_xlfn.TEXTAFTER(K59,"-"),"") -> 14 | P59: =IF(OR(N59="",O59=""),"",N59-O59) -> 7
B60: Day 5 | C60: Lunch Break | D60: Team 2 | E60: Team 4 | F60: Team 2+Team 4 | G60: Men's Singles 1 | H60: Dhruv C | I60: Naman | J60: =IF(K60="","",IFERROR(IF(--_xlfn.TEXTBEFORE(K60,"-")>--_xlfn.TEXTAFTER(K60,"-"),H60,IF(--_xlfn.TEXTAFTER(K60,"-")>--_xlfn.TEXTBEFORE(K60,"-"),I60,"Tie")),"Check score")) -> Naman | K60: 0-21 | L60: =IF(K60="","",IFERROR(IF(--_xlfn.TEXTBEFORE(K60,"-")>--_xlfn.TEXTAFTER(K60,"-"),D60,IF(--_xlfn.TEXTAFTER(K60,"-")>--_xlfn.TEXTBEFORE(K60,"-"),E60,"Tie")),"Check score")) -> Team 4 | N60: =IFERROR(--_xlfn.TEXTBEFORE(K60,"-"),"") -> 0 | O60: =IFERROR(--_xlfn.TEXTAFTER(K60,"-"),"") -> 21 | P60: =IF(OR(N60="",O60=""),"",N60-O60) -> -21
B61: Day 5 | C61: Lunch Break | D61: Team 4 | E61: Team 6 | F61: Team 4+Team 6 | G61: Mixed Doubles | H61: Sanjana + Bharatha S | I61: Drishti + Sanath | J61: =IF(K61="","",IFERROR(IF(--_xlfn.TEXTBEFORE(K61,"-")>--_xlfn.TEXTAFTER(K61,"-"),H61,IF(--_xlfn.TEXTAFTER(K61,"-")>--_xlfn.TEXTBEFORE(K61,"-"),I61,"Tie")),"Check score")) -> Sanjana + Bharatha S | K61: 21-16 | L61: =IF(K61="","",IFERROR(IF(--_xlfn.TEXTBEFORE(K61,"-")>--_xlfn.TEXTAFTER(K61,"-"),D61,IF(--_xlfn.TEXTAFTER(K61,"-")>--_xlfn.TEXTBEFORE(K61,"-"),E61,"Tie")),"Check score")) -> Team 4 | N61: =IFERROR(--_xlfn.TEXTBEFORE(K61,"-"),"") -> 21 | O61: =IFERROR(--_xlfn.TEXTAFTER(K61,"-"),"") -> 16 | P61: =IF(OR(N61="",O61=""),"",N61-O61) -> 5
B62: Day 5 | C62: Lunch Break | D62: Team 2 | E62: Team 4 | F62: Team 2+Team 4 | G62: Mixed Doubles | H62: Keerthana + Abhiram | I62: Sanjana + Bharatha S | J62: =IF(K62="","",IFERROR(IF(--_xlfn.TEXTBEFORE(K62,"-")>--_xlfn.TEXTAFTER(K62,"-"),H62,IF(--_xlfn.TEXTAFTER(K62,"-")>--_xlfn.TEXTBEFORE(K62,"-"),I62,"Tie")),"Check score")) -> Keerthana + Abhiram | K62: 21-15 | L62: =IF(K62="","",IFERROR(IF(--_xlfn.TEXTBEFORE(K62,"-")>--_xlfn.TEXTAFTER(K62,"-"),D62,IF(--_xlfn.TEXTAFTER(K62,"-")>--_xlfn.TEXTBEFORE(K62,"-"),E62,"Tie")),"Check score")) -> Team 2 | N62: =IFERROR(--_xlfn.TEXTBEFORE(K62,"-"),"") -> 21 | O62: =IFERROR(--_xlfn.TEXTAFTER(K62,"-"),"") -> 15 | P62: =IF(OR(N62="",O62=""),"",N62-O62) -> 6
... B92: Day 7 | C92: Lunch Break | D92: Team 3 | E92: Team 5 | F92: Team 3+Team 5 | G92: Men's Singles 1 | H92: Sujal | I92: Pavan D | J92: =IF(K92="","",IFERROR(IF(--_xlfn.TEXTBEFORE(K92,"-")>--_xlfn.TEXTAFTER(K92,"-"),H92,IF(--_xlfn.TEXTAFTER(K92,"-")>--_xlfn.TEXTBEFORE(K92,"-"),I92,"Tie")),"Check score")) -> Pavan D | K92: 14-21 | L92: =IF(K92="","",IFERROR(IF(--_xlfn.TEXTBEFORE(K92,"-")>--_xlfn.TEXTAFTER(K92,"-"),D92,IF(--_xlfn.TEXTAFTER(K92,"-")>--_xlfn.TEXTBEFORE(K92,"-"),E92,"Tie")),"Check score")) -> Team 5 | N92: =IFERROR(--_xlfn.TEXTBEFORE(K92,"-"),"") -> 14 | O92: =IFERROR(--_xlfn.TEXTAFTER(K92,"-"),"") -> 21 | P92: =IF(OR(N92="",O92=""),"",N92-O92) -> -7
B93: Day 7 | C93: Lunch Break | D93: Team 3 | E93: Team 6 | F93: Team 3+Team 6 | G93: Men's Doubles 2 | H93: Sarvesh H + Deviprasad | I93: Rohan + Bhuvanesh | J93: Rohan + Bhuvanesh | K93: 16-21 | L93: =IF(K93="","",IFERROR(IF(--_xlfn.TEXTBEFORE(K93,"-")>--_xlfn.TEXTAFTER(K93,"-"),D93,IF(--_xlfn.TEXTAFTER(K93,"-")>--_xlfn.TEXTBEFORE(K93,"-"),E93,"Tie")),"Check score")) -> Team 6 | N93: =IFERROR(--_xlfn.TEXTBEFORE(K93,"-"),"") -> 16 | O93: =IFERROR(--_xlfn.TEXTAFTER(K93,"-"),"") -> 21 | P93: =IF(OR(N93="",O93=""),"",N93-O93) -> -5
B94: Day 7 | C94: Post Office Hours | D94: Team 1 | E94: Team 6 | F94: Team 1+Team 6 | G94: Mixed Doubles | H94: Neha + Dhruv Jaju | I94: Drishti + Sanath | J94: =IF(K94="","",IFERROR(IF(--_xlfn.TEXTBEFORE(K94,"-")>--_xlfn.TEXTAFTER(K94,"-"),H94,IF(--_xlfn.TEXTAFTER(K94,"-")>--_xlfn.TEXTBEFORE(K94,"-"),I94,"Tie")),"Check score")) -> Neha + Dhruv Jaju | K94: 21-7 | L94: =IF(K94="","",IFERROR(IF(--_xlfn.TEXTBEFORE(K94,"-")>--_xlfn.TEXTAFTER(K94,"-"),D94,IF(--_xlfn.TEXTAFTER(K94,"-")>--_xlfn.TEXTBEFORE(K94,"-"),E94,"Tie")),"Check score")) -> Team 1 | N94: =IFERROR(--_xlfn.TEXTBEFORE(K94,"-"),"") -> 21 | O94: =IFERROR(--_xlfn.TEXTAFTER(K94,"-"),"") -> 7 | P94: =IF(OR(N94="",O94=""),"",N94-O94) -> 14
B95: Day 7 | C95: Post Office Hours | D95: Team 2 | E95: Team 4 | F95: Team 2+Team 4 | G95: Men's Singles 2 | H95: Avaneesh | I95: Jay B | J95: =IF(K95="","",IFERROR(IF(--_xlfn.TEXTBEFORE(K95,"-")>--_xlfn.TEXTAFTER(K95,"-"),H95,IF(--_xlfn.TEXTAFTER(K95,"-")>--_xlfn.TEXTBEFORE(K95,"-"),I95,"Tie")),"Check score")) -> Jay B | K95: 2-21 | L95: =IF(K95="","",IFERROR(IF(--_xlfn.TEXTBEFORE(K95,"-")>--_xlfn.TEXTAFTER(K95,"-"),D95,IF(--_xlfn.TEXTAFTER(K95,"-")>--_xlfn.TEXTBEFORE(K95,"-"),E95,"Tie")),"Check score")) -> Team 4 | N95: =IFERROR(--_xlfn.TEXTBEFORE(K95,"-"),"") -> 2 | O95: =IFERROR(--_xlfn.TEXTAFTER(K95,"-"),"") -> 21 | P95: =IF(OR(N95="",O95=""),"",N95-O95) -> -19
B96: Day 7 | C96: Post Office Hours | D96: Team 2 | E96: Team 3 | F96: Team 2+Team 3 | G96: Men's Doubles 1 | H96: Kushal + Shubham | I96: Kunal D + Anirudha H | J96: =IF(K96="","",IFERROR(IF(--_xlfn.TEXTBEFORE(K96,"-")>--_xlfn.TEXTAFTER(K96,"-"),H96,IF(--_xlfn.TEXTAFTER(K96,"-")>--_xlfn.TEXTBEFORE(K96,"-"),I96,"Tie")),"Check score")) -> Kushal + Shubham | K96: 21-16 | L96: =IF(K96="","",IFERROR(IF(--_xlfn.TEXTBEFORE(K96,"-")>--_xlfn.TEXTAFTER(K96,"-"),D96,IF(--_xlfn.TEXTAFTER(K96,"-")>--_xlfn.TEXTBEFORE(K96,"-"),E96,"Tie")),"Check score")) -> Team 2 | N96: =IFERROR(--_xlfn.TEXTBEFORE(K96,"-"),"") -> 21 | O96: =IFERROR(--_xlfn.TEXTAFTER(K96,"-"),"") -> 16 | P96: =IF(OR(N96="",O96=""),"",N96-O96) -> 5
B97: Day 7 | C97: Post Office Hours | D97: Team 1 | E97: Team 5 | F97: Team 1+Team 5 | G97: Men's Singles 2 | H97: Aman Doshi | I97: Vidwan | J97: =IF(K97="","",IFERROR(IF(--_xlfn.TEXTBEFORE(K97,"-")>--_xlfn.TEXTAFTER(K97,"-"),H97,IF(--_xlfn.TEXTAFTER(K97,"-")>--_xlfn.TEXTBEFORE(K97,"-"),I97,"Tie")),"Check score")) -> Vidwan | K97: 10-21 | L97: =IF(K97="","",IFERROR(IF(--_xlfn.TEXTBEFORE(K97,"-")>--_xlfn.TEXTAFTER(K97,"-"),D97,IF(--_xlfn.TEXTAFTER(K97,"-")>--_xlfn.TEXTBEFORE(K97,"-"),E97,"Tie")),"Check score")) -> Team 5 | M97: N | N97: =IFERROR(--_xlfn.TEXTBEFORE(K97,"-"),"") -> 10 | O97: =IFERROR(--_xlfn.TEXTAFTER(K97,"-"),"") -> 21 | P97: =IF(OR(N97="",O97=""),"",N97-O97) -> -11
B98: Day 7 | C98: Post Office Hours | D98: Team 3 | E98: Team 4 | F98: Team 3+Team 4 | G98: Men's Singles 2 | H98: Niraj Salot | I98: Jay B | J98: =IF(K98="","",IFERROR(IF(--_xlfn.TEXTBEFORE(K98,"-")>--_xlfn.TEXTAFTER(K98,"-"),H98,IF(--_xlfn.TEXTAFTER(K98,"-")>--_xlfn.TEXTBEFORE(K98,"-"),I98,"Tie")),"Check score")) -> Jay B | K98: 6-21 | L98: =IF(K98="","",IFERROR(IF(--_xlfn.TEXTBEFORE(K98,"-")>--_xlfn.TEXTAFTER(K98,"-"),D98,IF(--_xlfn.TEXTAFTER(K98,"-")>--_xlfn.TEXTBEFORE(K98,"-"),E98,"Tie")),"Check score")) -> Team 4 | N98: =IFERROR(--_xlfn.TEXTBEFORE(K98,"-"),"") -> 6 | O98: =IFERROR(--_xlfn.TEXTAFTER(K98,"-"),"") -> 21 | P98: =IF(OR(N98="",O98=""),"",N98-O98) -> -15
B99: Day 7 | C99: Post Office Hours | D99: Team 2 | E99: Team 5 | F99: Team 2+Team 5 | G99: Women's Doubles | H99: Vaishnavi M + Keerthana | I99: Riya + Yukti | J99: =IF(K99="","",IFERROR(IF(--_xlfn.TEXTBEFORE(K99,"-")>--_xlfn.TEXTAFTER(K99,"-"),H99,IF(--_xlfn.TEXTAFTER(K99,"-")>--_xlfn.TEXTBEFORE(K99,"-"),I99,"Tie")),"Check score")) -> Vaishnavi M + Keerthana | K99: 21-12 | L99: =IF(K99="","",IFERROR(IF(--_xlfn.TEXTBEFORE(K99,"-")>--_xlfn.TEXTAFTER(K99,"-"),D99,IF(--_xlfn.TEXTAFTER(K99,"-")>--_xlfn.TEXTBEFORE(K99,"-"),E99,"Tie")),"Check score")) -> Team 2 | N99: =IFERROR(--_xlfn.TEXTBEFORE(K99,"-"),"") -> 21 | O99: =IFERROR(--_xlfn.TEXTAFTER(K99,"-"),"") -> 12 | P99: =IF(OR(N99="",O99=""),"",N99-O99) -> 9
B100: Day 7 | C100: Post Office Hours | D100: Team 1 | E100: Team 2 | F100: Team 1+Team 2 | G100: Men's Singles 2 | H100: Aman Doshi | I100: Avaneesh | J100: =IF(K100="","",IFERROR(IF(--_xlfn.TEXTBEFORE(K100,"-")>--_xlfn.TEXTAFTER(K100,"-"),H100,IF(--_xlfn.TEXTAFTER(K100,"-")>--_xlfn.TEXTBEFORE(K100,"-"),I100,"Tie")),"Check score")) -> Aman Doshi | K100: 21-7 | L100: =IF(K100="","",IFERROR(IF(--_xlfn.TEXTBEFORE(K100,"-")>--_xlfn.TEXTAFTER(K100,"-"),D100,IF(--_xlfn.TEXTAFTER(K100,"-")>--_xlfn.TEXTBEFORE(K100,"-"),E100,"Tie")),"Check score")) -> Team 1 | N100: =IFERROR(--_xlfn.TEXTBEFORE(K100,"-"),"") -> 21 | O100: =IFERROR(--_xlfn.TEXTAFTER(K100,"-"),"") -> 7 | P100: =IF(OR(N100="",O100=""),"",N100-O100) -> 14
B101: Day 8 | C101: Lunch Break | D101: Team 5 | E101: Team 6 | F101: Team 5+Team 6 | G101: Men's Singles 2 | H101: Vidwan | I101: Navtej | J101: Vidwan | K101: 21-8 | L101: =IF(K101="","",IFERROR(IF(--_xlfn.TEXTBEFORE(K101,"-")>--_xlfn.TEXTAFTER(K101,"-"),D101,IF(--_xlfn.TEXTAFTER(K101,"-")>--_xlfn.TEXTBEFORE(K101,"-"),E101,"Tie")),"Check score")) -> Team 5 | N101: =IFERROR(--_xlfn.TEXTBEFORE(K101,"-"),"") -> 21 | O101: =IFERROR(--_xlfn.TEXTAFTER(K101,"-"),"") -> 8 | P101: =IF(OR(N101="",O101=""),"",N101-O101) -> 13
B102: Day 8 | C102: Lunch Break | D102: Team 3 | E102: Team 6 | F102: Team 3+Team 6 | G102: Men's Singles 1 | H102: Sujal | I102: Anshul | J102: =IF(K102="","",IFERROR(IF(--_xlfn.TEXTBEFORE(K102,"-")>--_xlfn.TEXTAFTER(K102,"-"),H102,IF(--_xlfn.TEXTAFTER(K102,"-")>--_xlfn.TEXTBEFORE(K102,"-"),I102,"Tie")),"Check score")) -> Sujal | K102: 21-16 | L102: =IF(K102="","",IFERROR(IF(--_xlfn.TEXTBEFORE(K102,"-")>--_xlfn.TEXTAFTER(K102,"-"),D102,IF(--_xlfn.TEXTAFTER(K102,"-")>--_xlfn.TEXTBEFORE(K102,"-"),E102,"Tie")),"Check score")) -> Team 3 | N102: =IFERROR(--_xlfn.TEXTBEFORE(K102,"-"),"") -> 21 | O102: =IFERROR(--_xlfn.TEXTAFTER(K102,"-"),"") -> 16 | P102: =IF(OR(N102="",O102=""),"",N102-O102) -> 5
B103: Day 8 | C103: Lunch Break | D103: Team 1 | E103: Team 5 | F103: Team 1+Team 5 | G103: Men's Singles 1 | H103: Saurabh | I103: Pavan D | J103: =IF(K103="","",IFERROR(IF(--_xlfn.TEXTBEFORE(K103,"-")>--_xlfn.TEXTAFTER(K103,"-"),H103,IF(--_xlfn.TEXTAFTER(K103,"-")>--_xlfn.TEXTBEFORE(K103,"-"),I103,"Tie")),"Check score")) -> Saurabh | K103: 21-15 | L103: =IF(K103="","",IFERROR(IF(--_xlfn.TEXTBEFORE(K103,"-")>--_xlfn.TEXTAFTER(K103,"-"),D103,IF(--_xlfn.TEXTAFTER(K103,"-")>--_xlfn.TEXTBEFORE(K103,"-"),E103,"Tie")),"Check score")) -> Team 1 | N103: =IFERROR(--_xlfn.TEXTBEFORE(K103,"-"),"") -> 21 | O103: =IFERROR(--_xlfn.TEXTAFTER(K103,"-"),"") -> 15 | P103: =IF(OR(N103="",O103=""),"",N103-O103) -> 6
B104: Day 8 | C104: Lunch Break | D104: Team 3 | E104: Team 5 | F104: Team 3+Team 5 | G104: Mixed Doubles | H104: Rithu + Darshan Patel | I104: Yukti + Niranjan | J104: =IF(K104="","",IFERROR(IF(--_xlfn.TEXTBEFORE(K104,"-")>--_xlfn.TEXTAFTER(K104,"-"),H104,IF(--_xlfn.TEXTAFTER(K104,"-")>--_xlfn.TEXTBEFORE(K104,"-"),I104,"Tie")),"Check score")) -> Rithu + Darshan Patel | K104: 21-16 | L104: =IF(K104="","",IFERROR(IF(--_xlfn.TEXTBEFORE(K104,"-")>--_xlfn.TEXTAFTER(K104,"-"),D104,IF(--_xlfn.TEXTAFTER(K104,"-")>--_xlfn.TEXTBEFORE(K104,"-"),E104,"Tie")),"Check score")) -> Team 3 | N104: =IFERROR(--_xlfn.TEXTBEFORE(K104,"-"),"") -> 21 | O104: =IFERROR(--_xlfn.TEXTAFTER(K104,"-"),"") -> 16 | P104: =IF(OR(N104="",O104=""),"",N104-O104) -> 5
B105: Day 8 | C105: Lunch Break | D105: Team 5 | E105: Team 6 | F105: Team 5+Team 6 | G105: Women's Doubles | H105: Riya + Yukti | I105: Neha P Jain + Drishti | J105: =IF(K105="","",IFERROR(IF(--_xlfn.TEXTBEFORE(K105,"-")>--_xlfn.TEXTAFTER(K105,"-"),H105,IF(--_xlfn.TEXTAFTER(K105,"-")>--_xlfn.TEXTBEFORE(K105,"-"),I105,"Tie")),"Check score")) -> Neha P Jain + Drishti | K105: 14-21 | L105: =IF(K105="","",IFERROR(IF(--_xlfn.TEXTBEFORE(K105,"-")>--_xlfn.TEXTAFTER(K105,"-"),D105,IF(--_xlfn.TEXTAFTER(K105,"-")>--_xlfn.TEXTBEFORE(K105,"-"),E105,"Tie")),"Check score")) -> Team 6 | N105: =IFERROR(--_xlfn.TEXTBEFORE(K105,"-"),"") -> 14 | O105: =IFERROR(--_xlfn.TEXTAFTER(K105,"-"),"") -> 21 | P105: =IF(OR(N105="",O105=""),"",N105-O105) -> -7
B106: Day 8 | C106: Lunch Break | D106: Team 3 | E106: Team 5 | F106: Team 3+Team 5 | G106: Men's Doubles 2 | H106: Sarvesh H + Deviprasad | I106: Rohith + Darshan H | J106: =IF(K106="","",IFERROR(IF(--_xlfn.TEXTBEFORE(K106,"-")>--_xlfn.TEXTAFTER(K106,"-"),H106,IF(--_xlfn.TEXTAFTER(K106,"-")>--_xlfn.TEXTBEFORE(K106,"-"),I106,"Tie")),"Check score")) -> Sarvesh H + Deviprasad | K106: 21-12 | L106: =IF(K106="","",IFERROR(IF(--_xlfn.TEXTBEFORE(K106,"-")>--_xlfn.TEXTAFTER(K106,"-"),D106,IF(--_xlfn.TEXTAFTER(K106,"-")>--_xlfn.TEXTBEFORE(K106,"-"),E106,"Tie")),"Check score")) -> Team 3 | N106: =IFERROR(--_xlfn.TEXTBEFORE(K106,"-"),"") -> 21 | O106: =IFERROR(--_xlfn.TEXTAFTER(K106,"-"),"") -> 12 | P106: =IF(OR(N106="",O106=""),"",N106-O106) -> 9
B107: Day 8 | C107: Lunch Break | D107: Team 1 | E107: Team 3 | F107: Team 1+Team 3 | G107: Men's Singles 1 | H107: Saurabh | I107: Sujal | J107: =IF(K107="","",IFERROR(IF(--_xlfn.TEXTBEFORE(K107,"-")>--_xlfn.TEXTAFTER(K107,"-"),H107,IF(--_xlfn.TEXTAFTER(K107,"-")>--_xlfn.TEXTBEFORE(K107,"-"),I107,"Tie")),"Check score")) -> Sujal | K107: 15-21 | L107: =IF(K107="","",IFERROR(IF(--_xlfn.TEXTBEFORE(K107,"-")>--_xlfn.TEXTAFTER(K107,"-"),D107,IF(--_xlfn.TEXTAFTER(K107,"-")>--_xlfn.TEXTBEFORE(K107,"-"),E107,"Tie")),"Check score")) -> Team 3 | N107: =IFERROR(--_xlfn.TEXTBEFORE(K107,"-"),"") -> 15 | O107: =IFERROR(--_xlfn.TEXTAFTER(K107,"-"),"") -> 21 | P107: =IF(OR(N107="",O107=""),"",N107-O107) -> -6

Sheet Standings
A1: Tournament Standings & Qualification
A2: Each completed win earns 2 points; losses earn 0. Rank by total points, then score difference (points for minus points against), then team number.
A3: Master Score Table
A4: Team | B4: Women's Singles | C4: Women's Doubles | D4: Mixed Doubles | E4: Men's Singles 1 | F4: Men's Singles 2 | G4: Men's Doubles 1 | H4: Men's Doubles 2 | I4: Total Points | J4: Difference | K4: Rank | L4: Status
A5: Team 1 | B5: ='Points Table'!D16 -> 4 | C5: ='Points Table'!D26 -> 10 | D5: ='Points Table'!D36 -> 4 | E5: ='Points Table'!D46 -> 6 | F5: ='Points Table'!D56 -> 6 | G5: ='Points Table'!D66 -> 2 | H5: ='Points Table'!D76 -> 2 | I5: =SUM(B5:H5) -> 34 | J5: ='Points Table'!G6 -> -17 | K5: =1+COUNTIF($I$5:$I$10,">"&I5)+COUNTIFS($I$5:$I$10,I5,$J$5:$J$10,">"&J5)+COUNTIFS($I$5:$I$10,I5,$J$5:$J$10,J5,$A$5:$A$10,"<"&A5) -> 5 | L5: =IF(COUNTA('Shuffled Matches'!$K$3:$K$107)=0,"Pending",IF(K5<=4,"Qualified","Not Qualified")) -> Not Qualified
A6: Team 2 | B6: ='Points Table'!D17 -> 8 | C6: ='Points Table'!D27 -> 6 | D6: ='Points Table'!D37 -> 8 | E6: ='Points Table'!D47 -> 0 | F6: ='Points Table'!D57 -> 0 | G6: ='Points Table'!D67 -> 10 | H6: ='Points Table'!D77 -> 6 | I6: =SUM(B6:H6) -> 38 | J6: ='Points Table'!G7 -> -33 | K6: =1+COUNTIF($I$5:$I$10,">"&I6)+COUNTIFS($I$5:$I$10,I6,$J$5:$J$10,">"&J6)+COUNTIFS($I$5:$I$10,I6,$J$5:$J$10,J6,$A$5:$A$10,"<"&A6) -> 3 | L6: =IF(COUNTA('Shuffled Matches'!$K$3:$K$107)=0,"Pending",IF(K6<=4,"Qualified","Not Qualified")) -> Qualified
A7: Team 3 | B7: ='Points Table'!D18 -> 4 | C7: ='Points Table'!D28 -> 2 | D7: ='Points Table'!D38 -> 10 | E7: ='Points Table'!D48 -> 8 | F7: ='Points Table'!D58 -> 2 | G7: ='Points Table'!D68 -> 8 | H7: ='Points Table'!D78 -> 8 | I7: =SUM(B7:H7) -> 42 | J7: ='Points Table'!G8 -> 21 | K7: =1+COUNTIF($I$5:$I$10,">"&I7)+COUNTIFS($I$5:$I$10,I7,$J$5:$J$10,">"&J7)+COUNTIFS($I$5:$I$10,I7,$J$5:$J$10,J7,$A$5:$A$10,"<"&A7) -> 1 | L7: =IF(COUNTA('Shuffled Matches'!$K$3:$K$107)=0,"Pending",IF(K7<=4,"Qualified","Not Qualified")) -> Qualified
A8: Team 4 | B8: ='Points Table'!D19 -> 4 | C8: ='Points Table'!D29 -> 6 | D8: ='Points Table'!D39 -> 4 | E8: ='Points Table'!D49 -> 4 | F8: ='Points Table'!D59 -> 10 | G8: ='Points Table'!D69 -> 6 | H8: ='Points Table'!D79 -> 4 | I8: =SUM(B8:H8) -> 38 | J8: ='Points Table'!G9 -> 113 | K8: =1+COUNTIF($I$5:$I$10,">"&I8)+COUNTIFS($I$5:$I$10,I8,$J$5:$J$10,">"&J8)+COUNTIFS($I$5:$I$10,I8,$J$5:$J$10,J8,$A$5:$A$10,"<"&A8) -> 2 | L8: =IF(COUNTA('Shuffled Matches'!$K$3:$K$107)=0,"Pending",IF(K8<=4,"Qualified","Not Qualified")) -> Qualified
A9: Team 5 | B9: ='Points Table'!D20 -> 0 | C9: ='Points Table'!D30 -> 0 | D9: ='Points Table'!D40 -> 4 | E9: ='Points Table'!D50 -> 8 | F9: ='Points Table'!D60 -> 8 | G9: ='Points Table'!D70 -> 0 | H9: ='Points Table'!D80 -> 0 | I9: =SUM(B9:H9) -> 20 | J9: ='Points Table'!G10 -> -123 | K9: =1+COUNTIF($I$5:$I$10,">"&I9)+COUNTIFS($I$5:$I$10,I9,$J$5:$J$10,">"&J9)+COUNTIFS($I$5:$I$10,I9,$J$5:$J$10,J9,$A$5:$A$10,"<"&A9) -> 6 | L9: =IF(COUNTA('Shuffled Matches'!$K$3:$K$107)=0,"Pending",IF(K9<=4,"Qualified","Not Qualified")) -> Not Qualified
A10: Team 6 | B10: ='Points Table'!D21 -> 10 | C10: ='Points Table'!D31 -> 4 | D10: ='Points Table'!D41 -> 0 | E10: ='Points Table'!D51 -> 4 | F10: ='Points Table'!D61 -> 4 | G10: ='Points Table'!D71 -> 4 | H10: ='Points Table'!D81 -> 8 | I10: =SUM(B10:H10) -> 34 | J10: ='Points Table'!G11 -> 39 | K10: =1+COUNTIF($I$5:$I$10,">"&I10)+COUNTIFS($I$5:$I$10,I10,$J$5:$J$10,">"&J10)+COUNTIFS($I$5:$I$10,I10,$J$5:$J$10,J10,$A$5:$A$10,"<"&A10) -> 4 | L10: =IF(COUNTA('Shuffled Matches'!$K$3:$K$107)=0,"Pending",IF(K10<=4,"Qualified","Not Qualified")) -> Qualified
A13: Top 4 Qualifiers
A14: Rank | B14: Team | C14: Total Points | D14: Difference
A15: 1 | B15: =IF(COUNTA('Shuffled Matches'!$K$3:$K$107)=0,"",_xlfn.XLOOKUP(A15,$K$5:$K$10,$A$5:$A$10,"")) -> Team 3 | C15: =IF(B15="","",_xlfn.XLOOKUP(A15,$K$5:$K$10,$I$5:$I$10,"")) -> 42 | D15: =IF(B15="","",_xlfn.XLOOKUP(A15,$K$5:$K$10,$J$5:$J$10,"")) -> 21
A16: 2 | B16: =IF(COUNTA('Shuffled Matches'!$K$3:$K$107)=0,"",_xlfn.XLOOKUP(A16,$K$5:$K$10,$A$5:$A$10,"")) -> Team 4 | C16: =IF(B16="","",_xlfn.XLOOKUP(A16,$K$5:$K$10,$I$5:$I$10,"")) -> 38 | D16: =IF(B16="","",_xlfn.XLOOKUP(A16,$K$5:$K$10,$J$5:$J$10,"")) -> 113
A17: 3 | B17: =IF(COUNTA('Shuffled Matches'!$K$3:$K$107)=0,"",_xlfn.XLOOKUP(A17,$K$5:$K$10,$A$5:$A$10,"")) -> Team 2 | C17: =IF(B17="","",_xlfn.XLOOKUP(A17,$K$5:$K$10,$I$5:$I$10,"")) -> 38 | D17: =IF(B17="","",_xlfn.XLOOKUP(A17,$K$5:$K$10,$J$5:$J$10,"")) -> -33
A18: 4 | B18: =IF(COUNTA('Shuffled Matches'!$K$3:$K$107)=0,"",_xlfn.XLOOKUP(A18,$K$5:$K$10,$A$5:$A$10,"")) -> Team 6 | C18: =IF(B18="","",_xlfn.XLOOKUP(A18,$K$5:$K$10,$I$5:$I$10,"")) -> 34 | D18: =IF(B18="","",_xlfn.XLOOKUP(A18,$K$5:$K$10,$J$5:$J$10,"")) -> 39

Sheet Format Scoreboards
B2: Women's Singles Scoreboard
B3: Ranking: 2 points per win, 0 per loss; ties broken by score difference.
B4: Team | C4: Points | D4: Difference | E4: Rank | F4: Status | H4: Rank | I4: Top 4 Team | J4: Points | K4: Difference | L4: Raw Score
B5: Team 1 | C5: ='Points Table'!D16 -> 4 | D5: ='Points Table'!G16 -> -22 | E5: =1+COUNTIF($C$5:$C$10,">"&C5)+COUNTIFS($C$5:$C$10,C5,$D$5:$D$10,">"&D5)+COUNTIFS($C$5:$C$10,C5,$D$5:$D$10,D5,$B$5:$B$10,"<"&B5) -> 5 | F5: =IF(COUNTIFS('Shuffled Matches'!$G$3:$G$107,"Women's Singles",'Shuffled Matches'!$K$3:$K$107,"<>")=0,"Pending",IF(E5<=4,"Top 4","Eliminated")) -> Eliminated | H5: 1 | I5: =IF(COUNTIFS('Shuffled Matches'!$G$3:$G$107,"Women's Singles",'Shuffled Matches'!$K$3:$K$107,"<>")=0,"",_xlfn.XLOOKUP(H5,$E$5:$E$10,$B$5:$B$10,"")) -> Team 6 | J5: =IF(I5="","",_xlfn.XLOOKUP(H5,$E$5:$E$10,$C$5:$C$10,"")) -> 10 | K5: =IF(I5="","",_xlfn.XLOOKUP(H5,$E$5:$E$10,$D$5:$D$10,"")) -> 51 | L5: ='Points Table'!E16 -> 75
B6: Team 2 | C6: ='Points Table'!D17 -> 8 | D6: ='Points Table'!G17 -> 8 | E6: =1+COUNTIF($C$5:$C$10,">"&C6)+COUNTIFS($C$5:$C$10,C6,$D$5:$D$10,">"&D6)+COUNTIFS($C$5:$C$10,C6,$D$5:$D$10,D6,$B$5:$B$10,"<"&B6) -> 2 | F6: =IF(COUNTIFS('Shuffled Matches'!$G$3:$G$107,"Women's Singles",'Shuffled Matches'!$K$3:$K$107,"<>")=0,"Pending",IF(E6<=4,"Top 4","Eliminated")) -> Top 4 | H6: 2 | I6: =IF(COUNTIFS('Shuffled Matches'!$G$3:$G$107,"Women's Singles",'Shuffled Matches'!$K$3:$K$107,"<>")=0,"",_xlfn.XLOOKUP(H6,$E$5:$E$10,$B$5:$B$10,"")) -> Team 2 | J6: =IF(I6="","",_xlfn.XLOOKUP(H6,$E$5:$E$10,$C$5:$C$10,"")) -> 8 | K6: =IF(I6="","",_xlfn.XLOOKUP(H6,$E$5:$E$10,$D$5:$D$10,"")) -> 8 | L6: ='Points Table'!E17 -> 90
B7: Team 3 | C7: ='Points Table'!D18 -> 4 | D7: ='Points Table'!G18 -> -8 | E7: =1+COUNTIF($C$5:$C$10,">"&C7)+COUNTIFS($C$5:$C$10,C7,$D$5:$D$10,">"&D7)+COUNTIFS($C$5:$C$10,C7,$D$5:$D$10,D7,$B$5:$B$10,"<"&B7) -> 4 | F7: =IF(COUNTIFS('Shuffled Matches'!$G$3:$G$107,"Women's Singles",'Shuffled Matches'!$K$3:$K$107,"<>")=0,"Pending",IF(E7<=4,"Top 4","Eliminated")) -> Top 4 | H7: 3 | I7: =IF(COUNTIFS('Shuffled Matches'!$G$3:$G$107,"Women's Singles",'Shuffled Matches'!$K$3:$K$107,"<>")=0,"",_xlfn.XLOOKUP(H7,$E$5:$E$10,$B$5:$B$10,"")) -> Team 4 | J7: =IF(I7="","",_xlfn.XLOOKUP(H7,$E$5:$E$10,$C$5:$C$10,"")) -> 4 | K7: =IF(I7="","",_xlfn.XLOOKUP(H7,$E$5:$E$10,$D$5:$D$10,"")) -> 14 | L7: ='Points Table'!E18 -> 86
B8: Team 4 | C8: ='Points Table'!D19 -> 4 | D8: ='Points Table'!G19 -> 14 | E8: =1+COUNTIF($C$5:$C$10,">"&C8)+COUNTIFS($C$5:$C$10,C8,$D$5:$D$10,">"&D8)+COUNTIFS($C$5:$C$10,C8,$D$5:$D$10,D8,$B$5:$B$10,"<"&B8) -> 3 | F8: =IF(COUNTIFS('Shuffled Matches'!$G$3:$G$107,"Women's Singles",'Shuffled Matches'!$K$3:$K$107,"<>")=0,"Pending",IF(E8<=4,"Top 4","Eliminated")) -> Top 4 | H8: 4 | I8: =IF(COUNTIFS('Shuffled Matches'!$G$3:$G$107,"Women's Singles",'Shuffled Matches'!$K$3:$K$107,"<>")=0,"",_xlfn.XLOOKUP(H8,$E$5:$E$10,$B$5:$B$10,"")) -> Team 3 | J8: =IF(I8="","",_xlfn.XLOOKUP(H8,$E$5:$E$10,$C$5:$C$10,"")) -> 4 | K8: =IF(I8="","",_xlfn.XLOOKUP(H8,$E$5:$E$10,$D$5:$D$10,"")) -> -8 | L8: ='Points Table'!E19 -> 97
B9: Team 5 | C9: ='Points Table'!D20 -> 0 | D9: ='Points Table'!G20 -> -43 | E9: =1+COUNTIF($C$5:$C$10,">"&C9)+COUNTIFS($C$5:$C$10,C9,$D$5:$D$10,">"&D9)+COUNTIFS($C$5:$C$10,C9,$D$5:$D$10,D9,$B$5:$B$10,"<"&B9) -> 6 | F9: =IF(COUNTIFS('Shuffled Matches'!$G$3:$G$107,"Women's Singles",'Shuffled Matches'!$K$3:$K$107,"<>")=0,"Pending",IF(E9<=4,"Top 4","Eliminated")) -> Eliminated | L9: ='Points Table'!E20 -> 62
B10: Team 6 | C10: ='Points Table'!D21 -> 10 | D10: ='Points Table'!G21 -> 51 | E10: =1+COUNTIF($C$5:$C$10,">"&C10)+COUNTIFS($C$5:$C$10,C10,$D$5:$D$10,">"&D10)+COUNTIFS($C$5:$C$10,C10,$D$5:$D$10,D10,$B$5:$B$10,"<"&B10) -> 1 | F10: =IF(COUNTIFS('Shuffled Matches'!$G$3:$G$107,"Women's Singles",'Shuffled Matches'!$K$3:$K$107,"<>")=0,"Pending",IF(E10<=4,"Top 4","Eliminated")) -> Top 4 | L10: ='Points Table'!E21 -> 105
B16: Women's Doubles Scoreboard
B17: Ranking: 2 points per win, 0 per loss; ties broken by score difference.
B18: Team | C18: Points | D18: Difference | E18: Rank | F18: Status | H18: Rank | I18: Top 4 Team | J18: Points | K18: Difference | L18: Raw Score
B19: Team 1 | C19: ='Points Table'!D26 -> 10 | D19: ='Points Table'!G26 -> 29 | E19: =1+COUNTIF($C$19:$C$24,">"&C19)+COUNTIFS($C$19:$C$24,C19,$D$19:$D$24,">"&D19)+COUNTIFS($C$19:$C$24,C19,$D$19:$D$24,D19,$B$19:$B$24,"<"&B19) -> 1 | F19: =IF(COUNTIFS('Shuffled Matches'!$G$3:$G$107,"Women's Doubles",'Shuffled Matches'!$K$3:$K$107,"<>")=0,"Pending",IF(E19<=4,"Top 4","Eliminated")) -> Top 4 | H19: 1 | I19: =IF(COUNTIFS('Shuffled Matches'!$G$3:$G$107,"Women's Doubles",'Shuffled Matches'!$K$3:$K$107,"<>")=0,"",_xlfn.XLOOKUP(H19,$E$19:$E$24,$B$19:$B$24,"")) -> Team 1 | J19: =IF(I19="","",_xlfn.XLOOKUP(H19,$E$19:$E$24,$C$19:$C$24,"")) -> 10 | K19: =IF(I19="","",_xlfn.XLOOKUP(H19,$E$19:$E$24,$D$19:$D$24,"")) -> 29 | L19: ='Points Table'!E26 -> 105
B20: Team 2 | C20: ='Points Table'!D27 -> 6 | D20: ='Points Table'!G27 -> 16 | E20: =1+COUNTIF($C$19:$C$24,">"&C20)+COUNTIFS($C$19:$C$24,C20,$D$19:$D$24,">"&D20)+COUNTIFS($C$19:$C$24,C20,$D$19:$D$24,D20,$B$19:$B$24,"<"&B20) -> 3 | F20: =IF(COUNTIFS('Shuffled Matches'!$G$3:$G$107,"Women's Doubles",'Shuffled Matches'!$K$3:$K$107,"<>")=0,"Pending",IF(E20<=4,"Top 4","Eliminated")) -> Top 4 | H20: 2 | I20: =IF(COUNTIFS('Shuffled Matches'!$G$3:$G$107,"Women's Doubles",'Shuffled Matches'!$K$3:$K$107,"<>")=0,"",_xlfn.XLOOKUP(H20,$E$19:$E$24,$B$19:$B$24,"")) -> Team 4 | J20: =IF(I20="","",_xlfn.XLOOKUP(H20,$E$19:$E$24,$C$19:$C$24,"")) -> 6 | K20: =IF(I20="","",_xlfn.XLOOKUP(H20,$E$19:$E$24,$D$19:$D$24,"")) -> 18 | L20: ='Points Table'!E27 -> 81
B21: Team 3 | C21: ='Points Table'!D28 -> 2 | D21: ='Points Table'!G28 -> -24 | E21: =1+COUNTIF($C$19:$C$24,">"&C21)+COUNTIFS($C$19:$C$24,C21,$D$19:$D$24,">"&D21)+COUNTIFS($C$19:$C$24,C21,$D$19:$D$24,D21,$B$19:$B$24,"<"&B21) -> 5 | F21: =IF(COUNTIFS('Shuffled Matches'!$G$3:$G$107,"Women's Doubles",'Shuffled Matches'!$K$3:$K$107,"<>")=0,"Pending",IF(E21<=4,"Top 4","Eliminated")) -> Eliminated | H21: 3 | I21: =IF(COUNTIFS('Shuffled Matches'!$G$3:$G$107,"Women's Doubles",'Shuffled Matches'!$K$3:$K$107,"<>")=0,"",_xlfn.XLOOKUP(H21,$E$19:$E$24,$B$19:$B$24,"")) -> Team 2 | J21: =IF(I21="","",_xlfn.XLOOKUP(H21,$E$19:$E$24,$C$19:$C$24,"")) -> 6 | K21: =IF(I21="","",_xlfn.XLOOKUP(H21,$E$19:$E$24,$D$19:$D$24,"")) -> 16 | L21: ='Points Table'!E28 -> 75
B22: Team 4 | C22: ='Points Table'!D29 -> 6 | D22: ='Points Table'!G29 -> 18 | E22: =1+COUNTIF($C$19:$C$24,">"&C22)+COUNTIFS($C$19:$C$24,C22,$D$19:$D$24,">"&D22)+COUNTIFS($C$19:$C$24,C22,$D$19:$D$24,D22,$B$19:$B$24,"<"&B22) -> 2 | F22: =IF(COUNTIFS('Shuffled Matches'!$G$3:$G$107,"Women's Doubles",'Shuffled Matches'!$K$3:$K$107,"<>")=0,"Pending",IF(E22<=4,"Top 4","Eliminated")) -> Top 4 | H22: 4 | I22: =IF(COUNTIFS('Shuffled Matches'!$G$3:$G$107,"Women's Doubles",'Shuffled Matches'!$K$3:$K$107,"<>")=0,"",_xlfn.XLOOKUP(H22,$E$19:$E$24,$B$19:$B$24,"")) -> Team 6 | J22: =IF(I22="","",_xlfn.XLOOKUP(H22,$E$19:$E$24,$C$19:$C$24,"")) -> 4 | K22: =IF(I22="","",_xlfn.XLOOKUP(H22,$E$19:$E$24,$D$19:$D$24,"")) -> 4 | L22: ='Points Table'!E29 -> 96
B23: Team 5 | C23: ='Points Table'!D30 -> 0 | D23: ='Points Table'!G30 -> -43 | E23: =1+COUNTIF($C$19:$C$24,">"&C23)+COUNTIFS($C$19:$C$24,C23,$D$19:$D$24,">"&D23)+COUNTIFS($C$19:$C$24,C23,$D$19:$D$24,D23,$B$19:$B$24,"<"&B23) -> 6 | F23: =IF(COUNTIFS('Shuffled Matches'!$G$3:$G$107,"Women's Doubles",'Shuffled Matches'!$K$3:$K$107,"<>")=0,"Pending",IF(E23<=4,"Top 4","Eliminated")) -> Eliminated | L23: ='Points Table'!E30 -> 62
B24: Team 6 | C24: ='Points Table'!D31 -> 4 | D24: ='Points Table'!G31 -> 4 | E24: =1+COUNTIF($C$19:$C$24,">"&C24)+COUNTIFS($C$19:$C$24,C24,$D$19:$D$24,">"&D24)+COUNTIFS($C$19:$C$24,C24,$D$19:$D$24,D24,$B$19:$B$24,"<"&B24) -> 4 | F24: =IF(COUNTIFS('Shuffled Matches'!$G$3:$G$107,"Women's Doubles",'Shuffled Matches'!$K$3:$K$107,"<>")=0,"Pending",IF(E24<=4,"Top 4","Eliminated")) -> Top 4 | L24: ='Points Table'!E31 -> 71
B30: Mixed Doubles Scoreboard
B31: Ranking: 2 points per win, 0 per loss; ties broken by score difference.
B32: Team | C32: Points | D32: Difference | E32: Rank | F32: Status | H32: Rank | I32: Top 4 Team | J32: Points | K32: Difference | L32: Raw Score
B33: Team 1 | C33: ='Points Table'!D36 -> 4 | D33: ='Points Table'!G36 -> -1 | E33: =1+COUNTIF($C$33:$C$38,">"&C33)+COUNTIFS($C$33:$C$38,C33,$D$33:$D$38,">"&D33)+COUNTIFS($C$33:$C$38,C33,$D$33:$D$38,D33,$B$33:$B$38,"<"&B33) -> 3 | F33: =IF(COUNTIFS('Shuffled Matches'!$G$3:$G$107,"Mixed Doubles",'Shuffled Matches'!$K$3:$K$107,"<>")=0,"Pending",IF(E33<=4,"Top 4","Eliminated")) -> Top 4 | H33: 1 | I33: =IF(COUNTIFS('Shuffled Matches'!$G$3:$G$107,"Mixed Doubles",'Shuffled Matches'!$K$3:$K$107,"<>")=0,"",_xlfn.XLOOKUP(H33,$E$33:$E$38,$B$33:$B$38,"")) -> Team 3 | J33: =IF(I33="","",_xlfn.XLOOKUP(H33,$E$33:$E$38,$C$33:$C$38,"")) -> 10 | K33: =IF(I33="","",_xlfn.XLOOKUP(H33,$E$33:$E$38,$D$33:$D$38,"")) -> 30 | L33: ='Points Table'!E36 -> 86
B34: Team 2 | C34: ='Points Table'!D37 -> 8 | D34: ='Points Table'!G37 -> 29 | E34: =1+COUNTIF($C$33:$C$38,">"&C34)+COUNTIFS($C$33:$C$38,C34,$D$33:$D$38,">"&D34)+COUNTIFS($C$33:$C$38,C34,$D$33:$D$38,D34,$B$33:$B$38,"<"&B34) -> 2 | F34: =IF(COUNTIFS('Shuffled Matches'!$G$3:$G$107,"Mixed Doubles",'Shuffled Matches'!$K$3:$K$107,"<>")=0,"Pending",IF(E34<=4,"Top 4","Eliminated")) -> Top 4 | H34: 2 | I34: =IF(COUNTIFS('Shuffled Matches'!$G$3:$G$107,"Mixed Doubles",'Shuffled Matches'!$K$3:$K$107,"<>")=0,"",_xlfn.XLOOKUP(H34,$E$33:$E$38,$B$33:$B$38,"")) -> Team 2 | J34: =IF(I34="","",_xlfn.XLOOKUP(H34,$E$33:$E$38,$C$33:$C$38,"")) -> 8 | K34: =IF(I34="","",_xlfn.XLOOKUP(H34,$E$33:$E$38,$D$33:$D$38,"")) -> 29 | L34: ='Points Table'!E37 -> 100
B35: Team 3 | C35: ='Points Table'!D38 -> 10 | D35: ='Points Table'!G38 -> 30 | E35: =1+COUNTIF($C$33:$C$38,">"&C35)+COUNTIFS($C$33:$C$38,C35,$D$33:$D$38,">"&D35)+COUNTIFS($C$33:$C$38,C35,$D$33:$D$38,D35,$B$33:$B$38,"<"&B35) -> 1 | F35: =IF(COUNTIFS('Shuffled Matches'!$G$3:$G$107,"Mixed Doubles",'Shuffled Matches'!$K$3:$K$107,"<>")=0,"Pending",IF(E35<=4,"Top 4","Eliminated")) -> Top 4 | H35: 3 | I35: =IF(COUNTIFS('Shuffled Matches'!$G$3:$G$107,"Mixed Doubles",'Shuffled Matches'!$K$3:$K$107,"<>")=0,"",_xlfn.XLOOKUP(H35,$E$33:$E$38,$B$33:$B$38,"")) -> Team 1 | J35: =IF(I35="","",_xlfn.XLOOKUP(H35,$E$33:$E$38,$C$33:$C$38,"")) -> 4 | K35: =IF(I35="","",_xlfn.XLOOKUP(H35,$E$33:$E$38,$D$33:$D$38,"")) -> -1 | L35: ='Points Table'!E38 -> 105
B36: Team 4 | C36: ='Points Table'!D39 -> 4 | D36: ='Points Table'!G39 -> -4 | E36: =1+COUNTIF($C$33:$C$38,">"&C36)+COUNTIFS($C$33:$C$38,C36,$D$33:$D$38,">"&D36)+COUNTIFS($C$33:$C$38,C36,$D$33:$D$38,D36,$B$33:$B$38,"<"&B36) -> 4 | F36: =IF(COUNTIFS('Shuffled Matches'!$G$3:$G$107,"Mixed Doubles",'Shuffled Matches'!$K$3:$K$107,"<>")=0,"Pending",IF(E36<=4,"Top 4","Eliminated")) -> Top 4 | H36: 4 | I36: =IF(COUNTIFS('Shuffled Matches'!$G$3:$G$107,"Mixed Doubles",'Shuffled Matches'!$K$3:$K$107,"<>")=0,"",_xlfn.XLOOKUP(H36,$E$33:$E$38,$B$33:$B$38,"")) -> Team 4 | J36: =IF(I36="","",_xlfn.XLOOKUP(H36,$E$33:$E$38,$C$33:$C$38,"")) -> 4 | K36: =IF(I36="","",_xlfn.XLOOKUP(H36,$E$33:$E$38,$D$33:$D$38,"")) -> -4 | L36: ='Points Table'!E39 -> 90
B37: Team 5 | C37: ='Points Table'!D40 -> 4 | D37: ='Points Table'!G40 -> -10 | E37: =1+COUNTIF($C$33:$C$38,">"&C37)+COUNTIFS($C$33:$C$38,C37,$D$33:$D$38,">"&D37)+COUNTIFS($C$33:$C$38,C37,$D$33:$D$38,D37,$B$33:$B$38,"<"&B37) -> 5 | F37: =IF(COUNTIFS('Shuffled Matches'!$G$3:$G$107,"Mixed Doubles",'Shuffled Matches'!$K$3:$K$107,"<>")=0,"Pending",IF(E37<=4,"Top 4","Eliminated")) -> Eliminated | L37: ='Points Table'!E40 -> 84
B38: Team 6 | C38: ='Points Table'!D41 -> 0 | D38: ='Points Table'!G41 -> -44 | E38: =1+COUNTIF($C$33:$C$38,">"&C38)+COUNTIFS($C$33:$C$38,C38,$D$33:$D$38,">"&D38)+COUNTIFS($C$33:$C$38,C38,$D$33:$D$38,D38,$B$33:$B$38,"<"&B38) -> 6 | F38: =IF(COUNTIFS('Shuffled Matches'!$G$3:$G$107,"Mixed Doubles",'Shuffled Matches'!$K$3:$K$107,"<>")=0,"Pending",IF(E38<=4,"Top 4","Eliminated")) -> Eliminated | L38: ='Points Table'!E41 -> 61
B44: Men's Singles 1 Scoreboard
B45: Ranking: 2 points per win, 0 per loss; ties broken by score difference.
B46: Team | C46: Points | D46: Difference | E46: Rank | F46: Status | H46: Rank | I46: Top 4 Team | J46: Points | K46: Difference | L46: Raw Score
B47: Team 1 | C47: ='Points Table'!D46 -> 6 | D47: ='Points Table'!G46 -> 3 | E47: =1+COUNTIF($C$47:$C$52,">"&C47)+COUNTIFS($C$47:$C$52,C47,$D$47:$D$52,">"&D47)+COUNTIFS($C$47:$C$52,C47,$D$47:$D$52,D47,$B$47:$B$52,"<"&B47) -> 3 | F47: =IF(COUNTIFS('Shuffled Matches'!$G$3:$G$107,"Men's Singles 1",'Shuffled Matches'!$K$3:$K$107,"<>")=0,"Pending",IF(E47<=4,"Top 4","Eliminated")) -> Top 4 | H47: 1 | I47: =IF(COUNTIFS('Shuffled Matches'!$G$3:$G$107,"Men's Singles 1",'Shuffled Matches'!$K$3:$K$107,"<>")=0,"",_xlfn.XLOOKUP(H47,$E$47:$E$52,$B$47:$B$52,"")) -> Team 5 | J47: =IF(I47="","",_xlfn.XLOOKUP(H47,$E$47:$E$52,$C$47:$C$52,"")) -> 8 | K47: =IF(I47="","",_xlfn.XLOOKUP(H47,$E$47:$E$52,$D$47:$D$52,"")) -> 28 | L47: ='Points Table'!E46 -> 89
B48: Team 2 | C48: ='Points Table'!D47 -> 0 | D48: ='Points Table'!G47 -> -68 | E48: =1+COUNTIF($C$47:$C$52,">"&C48)+COUNTIFS($C$47:$C$52,C48,$D$47:$D$52,">"&D48)+COUNTIFS($C$47:$C$52,C48,$D$47:$D$52,D48,$B$47:$B$52,"<"&B48) -> 6 | F48: =IF(COUNTIFS('Shuffled Matches'!$G$3:$G$107,"Men's Singles 1",'Shuffled Matches'!$K$3:$K$107,"<>")=0,"Pending",IF(E48<=4,"Top 4","Eliminated")) -> Eliminated | H48: 2 | I48: =IF(COUNTIFS('Shuffled Matches'!$G$3:$G$107,"Men's Singles 1",'Shuffled Matches'!$K$3:$K$107,"<>")=0,"",_xlfn.XLOOKUP(H48,$E$47:$E$52,$B$47:$B$52,"")) -> Team 3 | J48: =IF(I48="","",_xlfn.XLOOKUP(H48,$E$47:$E$52,$C$47:$C$52,"")) -> 8 | K48: =IF(I48="","",_xlfn.XLOOKUP(H48,$E$47:$E$52,$D$47:$D$52,"")) -> 18 | L48: ='Points Table'!E47 -> 37
B49: Team 3 | C49: ='Points Table'!D48 -> 8 | D49: ='Points Table'!G48 -> 18 | E49: =1+COUNTIF($C$47:$C$52,">"&C49)+COUNTIFS($C$47:$C$52,C49,$D$47:$D$52,">"&D49)+COUNTIFS($C$47:$C$52,C49,$D$47:$D$52,D49,$B$47:$B$52,"<"&B49) -> 2 | F49: =IF(COUNTIFS('Shuffled Matches'!$G$3:$G$107,"Men's Singles 1",'Shuffled Matches'!$K$3:$K$107,"<>")=0,"Pending",IF(E49<=4,"Top 4","Eliminated")) -> Top 4 | H49: 3 | I49: =IF(COUNTIFS('Shuffled Matches'!$G$3:$G$107,"Men's Singles 1",'Shuffled Matches'!$K$3:$K$107,"<>")=0,"",_xlfn.XLOOKUP(H49,$E$47:$E$52,$B$47:$B$52,"")) -> Team 1 | J49: =IF(I49="","",_xlfn.XLOOKUP(H49,$E$47:$E$52,$C$47:$C$52,"")) -> 6 | K49: =IF(I49="","",_xlfn.XLOOKUP(H49,$E$47:$E$52,$D$47:$D$52,"")) -> 3 | L49: ='Points Table'!E48 -> 98
B50: Team 4 | C50: ='Points Table'!D49 -> 4 | D50: ='Points Table'!G49 -> 2 | E50: =1+COUNTIF($C$47:$C$52,">"&C50)+COUNTIFS($C$47:$C$52,C50,$D$47:$D$52,">"&D50)+COUNTIFS($C$47:$C$52,C50,$D$47:$D$52,D50,$B$47:$B$52,"<"&B50) -> 5 | F50: =IF(COUNTIFS('Shuffled Matches'!$G$3:$G$107,"Men's Singles 1",'Shuffled Matches'!$K$3:$K$107,"<>")=0,"Pending",IF(E50<=4,"Top 4","Eliminated")) -> Eliminated | H50: 4 | I50: =IF(COUNTIFS('Shuffled Matches'!$G$3:$G$107,"Men's Singles 1",'Shuffled Matches'!$K$3:$K$107,"<>")=0,"",_xlfn.XLOOKUP(H50,$E$47:$E$52,$B$47:$B$52,"")) -> Team 6 | J50: =IF(I50="","",_xlfn.XLOOKUP(H50,$E$47:$E$52,$C$47:$C$52,"")) -> 4 | K50: =IF(I50="","",_xlfn.XLOOKUP(H50,$E$47:$E$52,$D$47:$D$52,"")) -> 17 | L50: ='Points Table'!E49 -> 83
B51: Team 5 | C51: ='Points Table'!D50 -> 8 | D51: ='Points Table'!G50 -> 28 | E51: =1+COUNTIF($C$47:$C$52,">"&C51)+COUNTIFS($C$47:$C$52,C51,$D$47:$D$52,">"&D51)+COUNTIFS($C$47:$C$52,C51,$D$47:$D$52,D51,$B$47:$B$52,"<"&B51) -> 1 | F51: =IF(COUNTIFS('Shuffled Matches'!$G$3:$G$107,"Men's Singles 1",'Shuffled Matches'!$K$3:$K$107,"<>")=0,"Pending",IF(E51<=4,"Top 4","Eliminated")) -> Top 4 | L51: ='Points Table'!E50 -> 99
B52: Team 6 | C52: ='Points Table'!D51 -> 4 | D52: ='Points Table'!G51 -> 17 | E52: =1+COUNTIF($C$47:$C$52,">"&C52)+COUNTIFS($C$47:$C$52,C52,$D$47:$D$52,">"&D52)+COUNTIFS($C$47:$C$52,C52,$D$47:$D$52,D52,$B$47:$B$52,"<"&B52) -> 4 | F52: =IF(COUNTIFS('Shuffled Matches'!$G$3:$G$107,"Men's Singles 1",'Shuffled Matches'!$K$3:$K$107,"<>")=0,"Pending",IF(E52<=4,"Top 4","Eliminated")) -> Top 4 | L52: ='Points Table'!E51 -> 91
B58: Men's Singles 2 Scoreboard
B59: Ranking: 2 points per win, 0 per loss; ties broken by score difference.
B60: Team | C60: Points | D60: Difference | E60: Rank | F60: Status | H60: Rank | I60: Top 4 Team | J60: Points | K60: Difference | L60: Raw Score
B61: Team 1 | C61: ='Points Table'!D56 -> 6 | D61: ='Points Table'!G56 -> -1 | E61: =1+COUNTIF($C$61:$C$66,">"&C61)+COUNTIFS($C$61:$C$66,C61,$D$61:$D$66,">"&D61)+COUNTIFS($C$61:$C$66,C61,$D$61:$D$66,D61,$B$61:$B$66,"<"&B61) -> 3 | F61: =IF(COUNTIFS('Shuffled Matches'!$G$3:$G$107,"Men's Singles 2",'Shuffled Matches'!$K$3:$K$107,"<>")=0,"Pending",IF(E61<=4,"Top 4","Eliminated")) -> Top 4 | H61: 1 | I61: =IF(COUNTIFS('Shuffled Matches'!$G$3:$G$107,"Men's Singles 2",'Shuffled Matches'!$K$3:$K$107,"<>")=0,"",_xlfn.XLOOKUP(H61,$E$61:$E$66,$B$61:$B$66,"")) -> Team 4 | J61: =IF(I61="","",_xlfn.XLOOKUP(H61,$E$61:$E$66,$C$61:$C$66,"")) -> 10 | K61: =IF(I61="","",_xlfn.XLOOKUP(H61,$E$61:$E$66,$D$61:$D$66,"")) -> 66 | L61: ='Points Table'!E56 -> 84
B62: Team 2 | C62: ='Points Table'!D57 -> 0 | D62: ='Points Table'!G57 -> -73 | E62: =1+COUNTIF($C$61:$C$66,">"&C62)+COUNTIFS($C$61:$C$66,C62,$D$61:$D$66,">"&D62)+COUNTIFS($C$61:$C$66,C62,$D$61:$D$66,D62,$B$61:$B$66,"<"&B62) -> 6 | F62: =IF(COUNTIFS('Shuffled Matches'!$G$3:$G$107,"Men's Singles 2",'Shuffled Matches'!$K$3:$K$107,"<>")=0,"Pending",IF(E62<=4,"Top 4","Eliminated")) -> Eliminated | H62: 2 | I62: =IF(COUNTIFS('Shuffled Matches'!$G$3:$G$107,"Men's Singles 2",'Shuffled Matches'!$K$3:$K$107,"<>")=0,"",_xlfn.XLOOKUP(H62,$E$61:$E$66,$B$61:$B$66,"")) -> Team 5 | J62: =IF(I62="","",_xlfn.XLOOKUP(H62,$E$61:$E$66,$C$61:$C$66,"")) -> 8 | K62: =IF(I62="","",_xlfn.XLOOKUP(H62,$E$61:$E$66,$D$61:$D$66,"")) -> 47 | L62: ='Points Table'!E57 -> 32
B63: Team 3 | C63: ='Points Table'!D58 -> 2 | D63: ='Points Table'!G58 -> -20 | E63: =1+COUNTIF($C$61:$C$66,">"&C63)+COUNTIFS($C$61:$C$66,C63,$D$61:$D$66,">"&D63)+COUNTIFS($C$61:$C$66,C63,$D$61:$D$66,D63,$B$61:$B$66,"<"&B63) -> 5 | F63: =IF(COUNTIFS('Shuffled Matches'!$G$3:$G$107,"Men's Singles 2",'Shuffled Matches'!$K$3:$K$107,"<>")=0,"Pending",IF(E63<=4,"Top 4","Eliminated")) -> Eliminated | H63: 3 | I63: =IF(COUNTIFS('Shuffled Matches'!$G$3:$G$107,"Men's Singles 2",'Shuffled Matches'!$K$3:$K$107,"<>")=0,"",_xlfn.XLOOKUP(H63,$E$61:$E$66,$B$61:$B$66,"")) -> Team 1 | J63: =IF(I63="","",_xlfn.XLOOKUP(H63,$E$61:$E$66,$C$61:$C$66,"")) -> 6 | K63: =IF(I63="","",_xlfn.XLOOKUP(H63,$E$61:$E$66,$D$61:$D$66,"")) -> -1 | L63: ='Points Table'!E58 -> 75
B64: Team 4 | C64: ='Points Table'!D59 -> 10 | D64: ='Points Table'!G59 -> 66 | E64: =1+COUNTIF($C$61:$C$66,">"&C64)+COUNTIFS($C$61:$C$66,C64,$D$61:$D$66,">"&D64)+COUNTIFS($C$61:$C$66,C64,$D$61:$D$66,D64,$B$61:$B$66,"<"&B64) -> 1 | F64: =IF(COUNTIFS('Shuffled Matches'!$G$3:$G$107,"Men's Singles 2",'Shuffled Matches'!$K$3:$K$107,"<>")=0,"Pending",IF(E64<=4,"Top 4","Eliminated")) -> Top 4 | H64: 4 | I64: =IF(COUNTIFS('Shuffled Matches'!$G$3:$G$107,"Men's Singles 2",'Shuffled Matches'!$K$3:$K$107,"<>")=0,"",_xlfn.XLOOKUP(H64,$E$61:$E$66,$B$61:$B$66,"")) -> Team 6 | J64: =IF(I64="","",_xlfn.XLOOKUP(H64,$E$61:$E$66,$C$61:$C$66,"")) -> 4 | K64: =IF(I64="","",_xlfn.XLOOKUP(H64,$E$61:$E$66,$D$61:$D$66,"")) -> -19 | L64: ='Points Table'!E59 -> 105
B65: Team 5 | C65: ='Points Table'!D60 -> 8 | D65: ='Points Table'!G60 -> 47 | E65: =1+COUNTIF($C$61:$C$66,">"&C65)+COUNTIFS($C$61:$C$66,C65,$D$61:$D$66,">"&D65)+COUNTIFS($C$61:$C$66,C65,$D$61:$D$66,D65,$B$61:$B$66,"<"&B65) -> 2 | F65: =IF(COUNTIFS('Shuffled Matches'!$G$3:$G$107,"Men's Singles 2",'Shuffled Matches'!$K$3:$K$107,"<>")=0,"Pending",IF(E65<=4,"Top 4","Eliminated")) -> Top 4 | L65: ='Points Table'!E60 -> 97
B66: Team 6 | C66: ='Points Table'!D61 -> 4 | D66: ='Points Table'!G61 -> -19 | E66: =1+COUNTIF($C$61:$C$66,">"&C66)+COUNTIFS($C$61:$C$66,C66,$D$61:$D$66,">"&D66)+COUNTIFS($C$61:$C$66,C66,$D$61:$D$66,D66,$B$61:$B$66,"<"&B66) -> 4 | F66: =IF(COUNTIFS('Shuffled Matches'!$G$3:$G$107,"Men's Singles 2",'Shuffled Matches'!$K$3:$K$107,"<>")=0,"Pending",IF(E66<=4,"Top 4","Eliminated")) -> Top 4 | L66: ='Points Table'!E61 -> 74
B72: Men's Doubles 1 Scoreboard
B73: Ranking: 2 points per win, 0 per loss; ties broken by score difference.
B74: Team | C74: Points | D74: Difference | E74: Rank | F74: Status | H74: Rank | I74: Top 4 Team | J74: Points | K74: Difference | L74: Raw Score
B75: Team 1 | C75: ='Points Table'!D66 -> 2 | D75: ='Points Table'!G66 -> -11 | E75: =1+COUNTIF($C$75:$C$80,">"&C75)+COUNTIFS($C$75:$C$80,C75,$D$75:$D$80,">"&D75)+COUNTIFS($C$75:$C$80,C75,$D$75:$D$80,D75,$B$75:$B$80,"<"&B75) -> 5 | F75: =IF(COUNTIFS('Shuffled Matches'!$G$3:$G$107,"Men's Doubles 1",'Shuffled Matches'!$K$3:$K$107,"<>")=0,"Pending",IF(E75<=4,"Top 4","Eliminated")) -> Eliminated | H75: 1 | I75: =IF(COUNTIFS('Shuffled Matches'!$G$3:$G$107,"Men's Doubles 1",'Shuffled Matches'!$K$3:$K$107,"<>")=0,"",_xlfn.XLOOKUP(H75,$E$75:$E$80,$B$75:$B$80,"")) -> Team 2 | J75: =IF(I75="","",_xlfn.XLOOKUP(H75,$E$75:$E$80,$C$75:$C$80,"")) -> 10 | K75: =IF(I75="","",_xlfn.XLOOKUP(H75,$E$75:$E$80,$D$75:$D$80,"")) -> 40 | L75: ='Points Table'!E66 -> 84
B76: Team 2 | C76: ='Points Table'!D67 -> 10 | D76: ='Points Table'!G67 -> 40 | E76: =1+COUNTIF($C$75:$C$80,">"&C76)+COUNTIFS($C$75:$C$80,C76,$D$75:$D$80,">"&D76)+COUNTIFS($C$75:$C$80,C76,$D$75:$D$80,D76,$B$75:$B$80,"<"&B76) -> 1 | F76: =IF(COUNTIFS('Shuffled Matches'!$G$3:$G$107,"Men's Doubles 1",'Shuffled Matches'!$K$3:$K$107,"<>")=0,"Pending",IF(E76<=4,"Top 4","Eliminated")) -> Top 4 | H76: 2 | I76: =IF(COUNTIFS('Shuffled Matches'!$G$3:$G$107,"Men's Doubles 1",'Shuffled Matches'!$K$3:$K$107,"<>")=0,"",_xlfn.XLOOKUP(H76,$E$75:$E$80,$B$75:$B$80,"")) -> Team 3 | J76: =IF(I76="","",_xlfn.XLOOKUP(H76,$E$75:$E$80,$C$75:$C$80,"")) -> 8 | K76: =IF(I76="","",_xlfn.XLOOKUP(H76,$E$75:$E$80,$D$75:$D$80,"")) -> 13 | L76: ='Points Table'!E67 -> 105
B77: Team 3 | C77: ='Points Table'!D68 -> 8 | D77: ='Points Table'!G68 -> 13 | E77: =1+COUNTIF($C$75:$C$80,">"&C77)+COUNTIFS($C$75:$C$80,C77,$D$75:$D$80,">"&D77)+COUNTIFS($C$75:$C$80,C77,$D$75:$D$80,D77,$B$75:$B$80,"<"&B77) -> 2 | F77: =IF(COUNTIFS('Shuffled Matches'!$G$3:$G$107,"Men's Doubles 1",'Shuffled Matches'!$K$3:$K$107,"<>")=0,"Pending",IF(E77<=4,"Top 4","Eliminated")) -> Top 4 | H77: 3 | I77: =IF(COUNTIFS('Shuffled Matches'!$G$3:$G$107,"Men's Doubles 1",'Shuffled Matches'!$K$3:$K$107,"<>")=0,"",_xlfn.XLOOKUP(H77,$E$75:$E$80,$B$75:$B$80,"")) -> Team 4 | J77: =IF(I77="","",_xlfn.XLOOKUP(H77,$E$75:$E$80,$C$75:$C$80,"")) -> 6 | K77: =IF(I77="","",_xlfn.XLOOKUP(H77,$E$75:$E$80,$D$75:$D$80,"")) -> 7 | L77: ='Points Table'!E68 -> 100
B78: Team 4 | C78: ='Points Table'!D69 -> 6 | D78: ='Points Table'!G69 -> 7 | E78: =1+COUNTIF($C$75:$C$80,">"&C78)+COUNTIFS($C$75:$C$80,C78,$D$75:$D$80,">"&D78)+COUNTIFS($C$75:$C$80,C78,$D$75:$D$80,D78,$B$75:$B$80,"<"&B78) -> 3 | F78: =IF(COUNTIFS('Shuffled Matches'!$G$3:$G$107,"Men's Doubles 1",'Shuffled Matches'!$K$3:$K$107,"<>")=0,"Pending",IF(E78<=4,"Top 4","Eliminated")) -> Top 4 | H78: 4 | I78: =IF(COUNTIFS('Shuffled Matches'!$G$3:$G$107,"Men's Doubles 1",'Shuffled Matches'!$K$3:$K$107,"<>")=0,"",_xlfn.XLOOKUP(H78,$E$75:$E$80,$B$75:$B$80,"")) -> Team 6 | J78: =IF(I78="","",_xlfn.XLOOKUP(H78,$E$75:$E$80,$C$75:$C$80,"")) -> 4 | K78: =IF(I78="","",_xlfn.XLOOKUP(H78,$E$75:$E$80,$D$75:$D$80,"")) -> -7 | L78: ='Points Table'!E69 -> 93
B79: Team 5 | C79: ='Points Table'!D70 -> 0 | D79: ='Points Table'!G70 -> -42 | E79: =1+COUNTIF($C$75:$C$80,">"&C79)+COUNTIFS($C$75:$C$80,C79,$D$75:$D$80,">"&D79)+COUNTIFS($C$75:$C$80,C79,$D$75:$D$80,D79,$B$75:$B$80,"<"&B79) -> 6 | F79: =IF(COUNTIFS('Shuffled Matches'!$G$3:$G$107,"Men's Doubles 1",'Shuffled Matches'!$K$3:$K$107,"<>")=0,"Pending",IF(E79<=4,"Top 4","Eliminated")) -> Eliminated | L79: ='Points Table'!E70 -> 63
B80: Team 6 | C80: ='Points Table'!D71 -> 4 | D80: ='Points Table'!G71 -> -7 | E80: =1+COUNTIF($C$75:$C$80,">"&C80)+COUNTIFS($C$75:$C$80,C80,$D$75:$D$80,">"&D80)+COUNTIFS($C$75:$C$80,C80,$D$75:$D$80,D80,$B$75:$B$80,"<"&B80) -> 4 | F80: =IF(COUNTIFS('Shuffled Matches'!$G$3:$G$107,"Men's Doubles 1",'Shuffled Matches'!$K$3:$K$107,"<>")=0,"Pending",IF(E80<=4,"Top 4","Eliminated")) -> Top 4 | L80: ='Points Table'!E71 -> 94
B86: Men's Doubles 2 Scoreboard
B87: Ranking: 2 points per win, 0 per loss; ties broken by score difference.
B88: Team | C88: Points | D88: Difference | E88: Rank | F88: Status | H88: Rank | I88: Top 4 Team | J88: Points | K88: Difference | L88: Raw Score
B89: Team 1 | C89: ='Points Table'!D76 -> 2 | D89: ='Points Table'!G76 -> -14 | E89: =1+COUNTIF($C$89:$C$94,">"&C89)+COUNTIFS($C$89:$C$94,C89,$D$89:$D$94,">"&D89)+COUNTIFS($C$89:$C$94,C89,$D$89:$D$94,D89,$B$89:$B$94,"<"&B89) -> 5 | F89: =IF(COUNTIFS('Shuffled Matches'!$G$3:$G$107,"Men's Doubles 2",'Shuffled Matches'!$K$3:$K$107,"<>")=0,"Pending",IF(E89<=4,"Top 4","Eliminated")) -> Eliminated | H89: 1 | I89: =IF(COUNTIFS('Shuffled Matches'!$G$3:$G$107,"Men's Doubles 2",'Shuffled Matches'!$K$3:$K$107,"<>")=0,"",_xlfn.XLOOKUP(H89,$E$89:$E$94,$B$89:$B$94,"")) -> Team 6 | J89: =IF(I89="","",_xlfn.XLOOKUP(H89,$E$89:$E$94,$C$89:$C$94,"")) -> 8 | K89: =IF(I89="","",_xlfn.XLOOKUP(H89,$E$89:$E$94,$D$89:$D$94,"")) -> 37 | L89: ='Points Table'!E76 -> 62
B90: Team 2 | C90: ='Points Table'!D77 -> 6 | D90: ='Points Table'!G77 -> 15 | E90: =1+COUNTIF($C$89:$C$94,">"&C90)+COUNTIFS($C$89:$C$94,C90,$D$89:$D$94,">"&D90)+COUNTIFS($C$89:$C$94,C90,$D$89:$D$94,D90,$B$89:$B$94,"<"&B90) -> 3 | F90: =IF(COUNTIFS('Shuffled Matches'!$G$3:$G$107,"Men's Doubles 2",'Shuffled Matches'!$K$3:$K$107,"<>")=0,"Pending",IF(E90<=4,"Top 4","Eliminated")) -> Top 4 | H90: 2 | I90: =IF(COUNTIFS('Shuffled Matches'!$G$3:$G$107,"Men's Doubles 2",'Shuffled Matches'!$K$3:$K$107,"<>")=0,"",_xlfn.XLOOKUP(H90,$E$89:$E$94,$B$89:$B$94,"")) -> Team 3 | J90: =IF(I90="","",_xlfn.XLOOKUP(H90,$E$89:$E$94,$C$89:$C$94,"")) -> 8 | K90: =IF(I90="","",_xlfn.XLOOKUP(H90,$E$89:$E$94,$D$89:$D$94,"")) -> 12 | L90: ='Points Table'!E77 -> 94
B91: Team 3 | C91: ='Points Table'!D78 -> 8 | D91: ='Points Table'!G78 -> 12 | E91: =1+COUNTIF($C$89:$C$94,">"&C91)+COUNTIFS($C$89:$C$94,C91,$D$89:$D$94,">"&D91)+COUNTIFS($C$89:$C$94,C91,$D$89:$D$94,D91,$B$89:$B$94,"<"&B91) -> 2 | F91: =IF(COUNTIFS('Shuffled Matches'!$G$3:$G$107,"Men's Doubles 2",'Shuffled Matches'!$K$3:$K$107,"<>")=0,"Pending",IF(E91<=4,"Top 4","Eliminated")) -> Top 4 | H91: 3 | I91: =IF(COUNTIFS('Shuffled Matches'!$G$3:$G$107,"Men's Doubles 2",'Shuffled Matches'!$K$3:$K$107,"<>")=0,"",_xlfn.XLOOKUP(H91,$E$89:$E$94,$B$89:$B$94,"")) -> Team 2 | J91: =IF(I91="","",_xlfn.XLOOKUP(H91,$E$89:$E$94,$C$89:$C$94,"")) -> 6 | K91: =IF(I91="","",_xlfn.XLOOKUP(H91,$E$89:$E$94,$D$89:$D$94,"")) -> 15 | L91: ='Points Table'!E78 -> 104
B92: Team 4 | C92: ='Points Table'!D79 -> 4 | D92: ='Points Table'!G79 -> 10 | E92: =1+COUNTIF($C$89:$C$94,">"&C92)+COUNTIFS($C$89:$C$94,C92,$D$89:$D$94,">"&D92)+COUNTIFS($C$89:$C$94,C92,$D$89:$D$94,D92,$B$89:$B$94,"<"&B92) -> 4 | F92: =IF(COUNTIFS('Shuffled Matches'!$G$3:$G$107,"Men's Doubles 2",'Shuffled Matches'!$K$3:$K$107,"<>")=0,"Pending",IF(E92<=4,"Top 4","Eliminated")) -> Top 4 | H92: 4 | I92: =IF(COUNTIFS('Shuffled Matches'!$G$3:$G$107,"Men's Doubles 2",'Shuffled Matches'!$K$3:$K$107,"<>")=0,"",_xlfn.XLOOKUP(H92,$E$89:$E$94,$B$89:$B$94,"")) -> Team 4 | J92: =IF(I92="","",_xlfn.XLOOKUP(H92,$E$89:$E$94,$C$89:$C$94,"")) -> 4 | K92: =IF(I92="","",_xlfn.XLOOKUP(H92,$E$89:$E$94,$D$89:$D$94,"")) -> 10 | L92: ='Points Table'!E79 -> 91
B93: Team 5 | C93: ='Points Table'!D80 -> 0 | D93: ='Points Table'!G80 -> -60 | E93: =1+COUNTIF($C$89:$C$94,">"&C93)+COUNTIFS($C$89:$C$94,C93,$D$89:$D$94,">"&D93)+COUNTIFS($C$89:$C$94,C93,$D$89:$D$94,D93,$B$89:$B$94,"<"&B93) -> 6 | F93: =IF(COUNTIFS('Shuffled Matches'!$G$3:$G$107,"Men's Doubles 2",'Shuffled Matches'!$K$3:$K$107,"<>")=0,"Pending",IF(E93<=4,"Top 4","Eliminated")) -> Eliminated | L93: ='Points Table'!E80 -> 45
B94: Team 6 | C94: ='Points Table'!D81 -> 8 | D94: ='Points Table'!G81 -> 37 | E94: =1+COUNTIF($C$89:$C$94,">"&C94)+COUNTIFS($C$89:$C$94,C94,$D$89:$D$94,">"&D94)+COUNTIFS($C$89:$C$94,C94,$D$89:$D$94,D94,$B$89:$B$94,"<"&B94) -> 1 | F94: =IF(COUNTIFS('Shuffled Matches'!$G$3:$G$107,"Men's Doubles 2",'Shuffled Matches'!$K$3:$K$107,"<>")=0,"Pending",IF(E94<=4,"Top 4","Eliminated")) -> Top 4 | L94: ='Points Table'!E81 -> 84

Sheet Qualification Data
A1: Category | B1: Source Format | C1: Team | D1: Player / Pair | E1: Points | F1: Raw Score | G1: Rank | H1: Status
A2: Women's Singles | B2: Women's Singles | C2: Team 1 | D2: Amrutha | E2: ='Format Scoreboards'!C5 -> 4 | F2: ='Format Scoreboards'!L5 -> 75 | G2: ='Format Scoreboards'!E5 -> 5 | H2: =IF(G2<=2,"Qualified","Not Qualified") -> Not Qualified
A3: Women's Singles | B3: Women's Singles | C3: Team 2 | D3: Vaishnavi M | E3: ='Format Scoreboards'!C6 -> 8 | F3: ='Format Scoreboards'!L6 -> 90 | G3: ='Format Scoreboards'!E6 -> 2 | H3: =IF(G3<=2,"Qualified","Not Qualified") -> Qualified
A4: Women's Singles | B4: Women's Singles | C4: Team 3 | D4: Mamta | E4: ='Format Scoreboards'!C7 -> 4 | F4: ='Format Scoreboards'!L7 -> 86 | G4: ='Format Scoreboards'!E7 -> 4 | H4: =IF(G4<=2,"Qualified","Not Qualified") -> Not Qualified
A5: Women's Singles | B5: Women's Singles | C5: Team 4 | D5: Subashree | E5: ='Format Scoreboards'!C8 -> 4 | F5: ='Format Scoreboards'!L8 -> 97 | G5: ='Format Scoreboards'!E8 -> 3 | H5: =IF(G5<=2,"Qualified","Not Qualified") -> Not Qualified
A6: Women's Singles | B6: Women's Singles | C6: Team 5 | D6: Riya | E6: ='Format Scoreboards'!C9 -> 0 | F6: ='Format Scoreboards'!L9 -> 62 | G6: ='Format Scoreboards'!E9 -> 6 | H6: =IF(G6<=2,"Qualified","Not Qualified") -> Not Qualified
A7: Women's Singles | B7: Women's Singles | C7: Team 6 | D7: Neha P Jain | E7: ='Format Scoreboards'!C10 -> 10 | F7: ='Format Scoreboards'!L10 -> 105 | G7: ='Format Scoreboards'!E10 -> 1 | H7: =IF(G7<=2,"Qualified","Not Qualified") -> Qualified
A9: Women's Doubles | B9: Women's Doubles | C9: Team 1 | D9: Amrutha + Neha | E9: ='Format Scoreboards'!C19 -> 10 | F9: ='Format Scoreboards'!L19 -> 105 | G9: ='Format Scoreboards'!E19 -> 1 | H9: =IF(G9<=2,"Qualified","Not Qualified") -> Qualified
A10: Women's Doubles | B10: Women's Doubles | C10: Team 2 | D10: Vaishnavi M + Keerthana | E10: ='Format Scoreboards'!C20 -> 6 | F10: ='Format Scoreboards'!L20 -> 81 | G10: ='Format Scoreboards'!E20 -> 3 | H10: =IF(G10<=2,"Qualified","Not Qualified") -> Not Qualified
A11: Women's Doubles | B11: Women's Doubles | C11: Team 3 | D11: Mamta + Rithu | E11: ='Format Scoreboards'!C21 -> 2 | F11: ='Format Scoreboards'!L21 -> 75 | G11: ='Format Scoreboards'!E21 -> 5 | H11: =IF(G11<=2,"Qualified","Not Qualified") -> Not Qualified
A12: Women's Doubles | B12: Women's Doubles | C12: Team 4 | D12: Subashree + Sanjana | E12: ='Format Scoreboards'!C22 -> 6 | F12: ='Format Scoreboards'!L22 -> 96 | G12: ='Format Scoreboards'!E22 -> 2 | H12: =IF(G12<=2,"Qualified","Not Qualified") -> Qualified
A13: Women's Doubles | B13: Women's Doubles | C13: Team 5 | D13: Riya + Yukti | E13: ='Format Scoreboards'!C23 -> 0 | F13: ='Format Scoreboards'!L23 -> 62 | G13: ='Format Scoreboards'!E23 -> 6 | H13: =IF(G13<=2,"Qualified","Not Qualified") -> Not Qualified
A14: Women's Doubles | B14: Women's Doubles | C14: Team 6 | D14: Neha P Jain + Drishti | E14: ='Format Scoreboards'!C24 -> 4 | F14: ='Format Scoreboards'!L24 -> 71 | G14: ='Format Scoreboards'!E24 -> 4 | H14: =IF(G14<=2,"Qualified","Not Qualified") -> Not Qualified
A16: Mixed Doubles | B16: Mixed Doubles | C16: Team 1 | D16: Neha + Dhruv Jaju | E16: ='Format Scoreboards'!C33 -> 4 | F16: ='Format Scoreboards'!L33 -> 86 | G16: ='Format Scoreboards'!E33 -> 3 | H16: =IF(G16<=2,"Qualified","Not Qualified") -> Not Qualified
A17: Mixed Doubles | B17: Mixed Doubles | C17: Team 2 | D17: Keerthana + Abhiram | E17: ='Format Scoreboards'!C34 -> 8 | F17: ='Format Scoreboards'!L34 -> 100 | G17: ='Format Scoreboards'!E34 -> 2 | H17: =IF(G17<=2,"Qualified","Not Qualified") -> Qualified
A18: Mixed Doubles | B18: Mixed Doubles | C18: Team 3 | D18: Rithu + Darshan Patel | E18: ='Format Scoreboards'!C35 -> 10 | F18: ='Format Scoreboards'!L35 -> 105 | G18: ='Format Scoreboards'!E35 -> 1 | H18: =IF(G18<=2,"Qualified","Not Qualified") -> Qualified
A19: Mixed Doubles | B19: Mixed Doubles | C19: Team 4 | D19: Sanjana + Bharatha S | E19: ='Format Scoreboards'!C36 -> 4 | F19: ='Format Scoreboards'!L36 -> 90 | G19: ='Format Scoreboards'!E36 -> 4 | H19: =IF(G19<=2,"Qualified","Not Qualified") -> Not Qualified
A20: Mixed Doubles | B20: Mixed Doubles | C20: Team 5 | D20: Yukti + Niranjan | E20: ='Format Scoreboards'!C37 -> 4 | F20: ='Format Scoreboards'!L37 -> 84 | G20: ='Format Scoreboards'!E37 -> 5 | H20: =IF(G20<=2,"Qualified","Not Qualified") -> Not Qualified
A21: Mixed Doubles | B21: Mixed Doubles | C21: Team 6 | D21: Drishti + Sanath | E21: ='Format Scoreboards'!C38 -> 0 | F21: ='Format Scoreboards'!L38 -> 61 | G21: ='Format Scoreboards'!E38 -> 6 | H21: =IF(G21<=2,"Qualified","Not Qualified") -> Not Qualified
A23: Men's Singles | B23: Men's Singles 1 | C23: Team 1 | D23: Saurabh | E23: ='Format Scoreboards'!C47 -> 6 | F23: ='Format Scoreboards'!L47 -> 89 | G23: ='Format Scoreboards'!E47 -> 3 | H23: =IF(G23<=4,"Qualified","Not Qualified") -> Qualified
A24: Men's Singles | B24: Men's Singles 1 | C24: Team 2 | D24: Dhruv C | E24: ='Format Scoreboards'!C48 -> 0 | F24: ='Format Scoreboards'!L48 -> 37 | G24: ='Format Scoreboards'!E48 -> 6 | H24: =IF(G24<=4,"Qualified","Not Qualified") -> Not Qualified
A25: Men's Singles | B25: Men's Singles 1 | C25: Team 3 | D25: Sujal | E25: ='Format Scoreboards'!C49 -> 8 | F25: ='Format Scoreboards'!L49 -> 98 | G25: ='Format Scoreboards'!E49 -> 2 | H25: =IF(G25<=4,"Qualified","Not Qualified") -> Qualified
A26: Men's Singles | B26: Men's Singles 1 | C26: Team 4 | D26: Naman | E26: ='Format Scoreboards'!C50 -> 4 | F26: ='Format Scoreboards'!L50 -> 83 | G26: ='Format Scoreboards'!E50 -> 5 | H26: =IF(G26<=4,"Qualified","Not Qualified") -> Not Qualified
A27: Men's Singles | B27: Men's Singles 1 | C27: Team 5 | D27: Pavan D | E27: ='Format Scoreboards'!C51 -> 8 | F27: ='Format Scoreboards'!L51 -> 99 | G27: ='Format Scoreboards'!E51 -> 1 | H27: =IF(G27<=4,"Qualified","Not Qualified") -> Qualified
A28: Men's Singles | B28: Men's Singles 1 | C28: Team 6 | D28: Anshul | E28: ='Format Scoreboards'!C52 -> 4 | F28: ='Format Scoreboards'!L52 -> 91 | G28: ='Format Scoreboards'!E52 -> 4 | H28: =IF(G28<=4,"Qualified","Not Qualified") -> Qualified
A29: Men's Singles | B29: Men's Singles 2 | C29: Team 1 | D29: Aman Doshi | E29: ='Format Scoreboards'!C61 -> 6 | F29: ='Format Scoreboards'!L61 -> 84 | G29: ='Format Scoreboards'!E61 -> 3 | H29: =IF(G29<=4,"Qualified","Not Qualified") -> Qualified
A30: Men's Singles | B30: Men's Singles 2 | C30: Team 2 | D30: Avaneesh | E30: ='Format Scoreboards'!C62 -> 0 | F30: ='Format Scoreboards'!L62 -> 32 | G30: ='Format Scoreboards'!E62 -> 6 | H30: =IF(G30<=4,"Qualified","Not Qualified") -> Not Qualified
A31: Men's Singles | B31: Men's Singles 2 | C31: Team 3 | D31: Niraj Salot | E31: ='Format Scoreboards'!C63 -> 2 | F31: ='Format Scoreboards'!L63 -> 75 | G31: ='Format Scoreboards'!E63 -> 5 | H31: =IF(G31<=4,"Qualified","Not Qualified") -> Not Qualified
A32: Men's Singles | B32: Men's Singles 2 | C32: Team 4 | D32: Jay B | E32: ='Format Scoreboards'!C64 -> 10 | F32: ='Format Scoreboards'!L64 -> 105 | G32: ='Format Scoreboards'!E64 -> 1 | H32: =IF(G32<=4,"Qualified","Not Qualified") -> Qualified
A33: Men's Singles | B33: Men's Singles 2 | C33: Team 5 | D33: Vidwan | E33: ='Format Scoreboards'!C65 -> 8 | F33: ='Format Scoreboards'!L65 -> 97 | G33: ='Format Scoreboards'!E65 -> 2 | H33: =IF(G33<=4,"Qualified","Not Qualified") -> Qualified
A34: Men's Singles | B34: Men's Singles 2 | C34: Team 6 | D34: Navtej | E34: ='Format Scoreboards'!C66 -> 4 | F34: ='Format Scoreboards'!L66 -> 74 | G34: ='Format Scoreboards'!E66 -> 4 | H34: =IF(G34<=4,"Qualified","Not Qualified") -> Qualified
A36: Men's Doubles | B36: Men's Doubles 1 | C36: Team 1 | D36: Nikhil M + Jinendar | E36: ='Format Scoreboards'!C75 -> 2 | F36: ='Format Scoreboards'!L75 -> 84 | G36: ='Format Scoreboards'!E75 -> 5 | H36: =IF(G36<=4,"Qualified","Not Qualified") -> Not Qualified
A37: Men's Doubles | B37: Men's Doubles 1 | C37: Team 2 | D37: Kushal + Shubham | E37: ='Format Scoreboards'!C76 -> 10 | F37: ='Format Scoreboards'!L76 -> 105 | G37: ='Format Scoreboards'!E76 -> 1 | H37: =IF(G37<=4,"Qualified","Not Qualified") -> Qualified
A38: Men's Doubles | B38: Men's Doubles 1 | C38: Team 3 | D38: Kunal D + Anirudha H | E38: ='Format Scoreboards'!C77 -> 8 | F38: ='Format Scoreboards'!L77 -> 100 | G38: ='Format Scoreboards'!E77 -> 2 | H38: =IF(G38<=4,"Qualified","Not Qualified") -> Qualified
A39: Men's Doubles | B39: Men's Doubles 1 | C39: Team 4 | D39: Leela Sagar + Ali Akbar | E39: ='Format Scoreboards'!C78 -> 6 | F39: ='Format Scoreboards'!L78 -> 93 | G39: ='Format Scoreboards'!E78 -> 3 | H39: =IF(G39<=4,"Qualified","Not Qualified") -> Qualified
A40: Men's Doubles | B40: Men's Doubles 1 | C40: Team 5 | D40: Shravanth + Vrishin | E40: ='Format Scoreboards'!C79 -> 0 | F40: ='Format Scoreboards'!L79 -> 63 | G40: ='Format Scoreboards'!E79 -> 6 | H40: =IF(G40<=4,"Qualified","Not Qualified") -> Not Qualified
A41: Men's Doubles | B41: Men's Doubles 1 | C41: Team 6 | D41: Nagarajan + Chandrashaker Joshi | E41: ='Format Scoreboards'!C80 -> 4 | F41: ='Format Scoreboards'!L80 -> 94 | G41: ='Format Scoreboards'!E80 -> 4 | H41: =IF(G41<=4,"Qualified","Not Qualified") -> Qualified
A42: Men's Doubles | B42: Men's Doubles 2 | C42: Team 1 | D42: Sreesha + Manan | E42: ='Format Scoreboards'!C89 -> 2 | F42: ='Format Scoreboards'!L89 -> 62 | G42: ='Format Scoreboards'!E89 -> 5 | H42: =IF(G42<=4,"Qualified","Not Qualified") -> Not Qualified
A43: Men's Doubles | B43: Men's Doubles 2 | C43: Team 2 | D43: Yuvraj + Karthik KB | E43: ='Format Scoreboards'!C90 -> 6 | F43: ='Format Scoreboards'!L90 -> 94 | G43: ='Format Scoreboards'!E90 -> 3 | H43: =IF(G43<=4,"Qualified","Not Qualified") -> Qualified
A44: Men's Doubles | B44: Men's Doubles 2 | C44: Team 3 | D44: Sarvesh H + Deviprasad | E44: ='Format Scoreboards'!C91 -> 8 | F44: ='Format Scoreboards'!L91 -> 104 | G44: ='Format Scoreboards'!E91 -> 2 | H44: =IF(G44<=4,"Qualified","Not Qualified") -> Qualified
A45: Men's Doubles | B45: Men's Doubles 2 | C45: Team 4 | D45: Khush B + Hemanth | E45: ='Format Scoreboards'!C92 -> 4 | F45: ='Format Scoreboards'!L92 -> 91 | G45: ='Format Scoreboards'!E92 -> 4 | H45: =IF(G45<=4,"Qualified","Not Qualified") -> Qualified
A46: Men's Doubles | B46: Men's Doubles 2 | C46: Team 5 | D46: Rohith + Darshan H | E46: ='Format Scoreboards'!C93 -> 0 | F46: ='Format Scoreboards'!L93 -> 45 | G46: ='Format Scoreboards'!E93 -> 6 | H46: =IF(G46<=4,"Qualified","Not Qualified") -> Not Qualified
A47: Men's Doubles | B47: Men's Doubles 2 | C47: Team 6 | D47: Rohan + Bhuvanesh | E47: ='Format Scoreboards'!C94 -> 8 | F47: ='Format Scoreboards'!L94 -> 84 | G47: ='Format Scoreboards'!E94 -> 1 | H47: =IF(G47<=4,"Qualified","Not Qualified") -> Qualified

Sheet Qualifiers
A1: Tournament Format Qualifiers
A2: Top 4 per format: 2 points per win, 0 per loss; ties by score difference, then team number. Women play 1 vs 4 and 2 vs 3. Men cross formats: Format 1 ranks 1–4 face Format 2 ranks 4–1.
A4: Women's Singles — Top 4
A5: Rank | B5: Player / Pair | C5: Team | D5: Source Format | E5: Points | F5: Raw Score | G5: Status (Manual for Men)
A6: 1 | B6: =INDEX('Qualification Data'!$D$2:$D$7,MATCH($A6,'Qualification Data'!$G$2:$G$7,0)) -> Neha P Jain | C6: =INDEX('Qualification Data'!$C$2:$C$7,MATCH($A6,'Qualification Data'!$G$2:$G$7,0)) -> Team 6 | D6: =INDEX('Qualification Data'!$B$2:$B$7,MATCH($A6,'Qualification Data'!$G$2:$G$7,0)) -> Women's Singles | E6: =INDEX('Qualification Data'!$E$2:$E$7,MATCH($A6,'Qualification Data'!$G$2:$G$7,0)) -> 10 | F6: =INDEX('Qualification Data'!$F$2:$F$7,MATCH($A6,'Qualification Data'!$G$2:$G$7,0)) -> 105 | G6: Semifinalist
A7: 2 | B7: =INDEX('Qualification Data'!$D$2:$D$7,MATCH($A7,'Qualification Data'!$G$2:$G$7,0)) -> Vaishnavi M | C7: =INDEX('Qualification Data'!$C$2:$C$7,MATCH($A7,'Qualification Data'!$G$2:$G$7,0)) -> Team 2 | D7: =INDEX('Qualification Data'!$B$2:$B$7,MATCH($A7,'Qualification Data'!$G$2:$G$7,0)) -> Women's Singles | E7: =INDEX('Qualification Data'!$E$2:$E$7,MATCH($A7,'Qualification Data'!$G$2:$G$7,0)) -> 8 | F7: =INDEX('Qualification Data'!$F$2:$F$7,MATCH($A7,'Qualification Data'!$G$2:$G$7,0)) -> 90 | G7: Semifinalist
A8: 3 | B8: =INDEX('Qualification Data'!$D$2:$D$7,MATCH($A8,'Qualification Data'!$G$2:$G$7,0)) -> Subashree | C8: =INDEX('Qualification Data'!$C$2:$C$7,MATCH($A8,'Qualification Data'!$G$2:$G$7,0)) -> Team 4 | D8: =INDEX('Qualification Data'!$B$2:$B$7,MATCH($A8,'Qualification Data'!$G$2:$G$7,0)) -> Women's Singles | E8: =INDEX('Qualification Data'!$E$2:$E$7,MATCH($A8,'Qualification Data'!$G$2:$G$7,0)) -> 4 | F8: =INDEX('Qualification Data'!$F$2:$F$7,MATCH($A8,'Qualification Data'!$G$2:$G$7,0)) -> 97 | G8: Semifinalist
A9: 4 | B9: =INDEX('Qualification Data'!$D$2:$D$7,MATCH($A9,'Qualification Data'!$G$2:$G$7,0)) -> Mamta | C9: =INDEX('Qualification Data'!$C$2:$C$7,MATCH($A9,'Qualification Data'!$G$2:$G$7,0)) -> Team 3 | D9: =INDEX('Qualification Data'!$B$2:$B$7,MATCH($A9,'Qualification Data'!$G$2:$G$7,0)) -> Women's Singles | E9: =INDEX('Qualification Data'!$E$2:$E$7,MATCH($A9,'Qualification Data'!$G$2:$G$7,0)) -> 4 | F9: =INDEX('Qualification Data'!$F$2:$F$7,MATCH($A9,'Qualification Data'!$G$2:$G$7,0)) -> 86 | G9: Semifinalist
A11: Women's Doubles — Top 4
A12: Rank | B12: Player / Pair | C12: Team | D12: Source Format | E12: Points | F12: Raw Score | G12: Status (Manual for Men)
A13: 1 | B13: =INDEX('Qualification Data'!$D$9:$D$14,MATCH($A13,'Qualification Data'!$G$9:$G$14,0)) -> Amrutha + Neha | C13: =INDEX('Qualification Data'!$C$9:$C$14,MATCH($A13,'Qualification Data'!$G$9:$G$14,0)) -> Team 1 | D13: =INDEX('Qualification Data'!$B$9:$B$14,MATCH($A13,'Qualification Data'!$G$9:$G$14,0)) -> Women's Doubles | E13: =INDEX('Qualification Data'!$E$9:$E$14,MATCH($A13,'Qualification Data'!$G$9:$G$14,0)) -> 10 | F13: =INDEX('Qualification Data'!$F$9:$F$14,MATCH($A13,'Qualification Data'!$G$9:$G$14,0)) -> 105 | G13: Semifinalist
A14: 2 | B14: =INDEX('Qualification Data'!$D$9:$D$14,MATCH($A14,'Qualification Data'!$G$9:$G$14,0)) -> Subashree + Sanjana | C14: =INDEX('Qualification Data'!$C$9:$C$14,MATCH($A14,'Qualification Data'!$G$9:$G$14,0)) -> Team 4 | D14: =INDEX('Qualification Data'!$B$9:$B$14,MATCH($A14,'Qualification Data'!$G$9:$G$14,0)) -> Women's Doubles | E14: =INDEX('Qualification Data'!$E$9:$E$14,MATCH($A14,'Qualification Data'!$G$9:$G$14,0)) -> 6 | F14: =INDEX('Qualification Data'!$F$9:$F$14,MATCH($A14,'Qualification Data'!$G$9:$G$14,0)) -> 96 | G14: Semifinalist
A15: 3 | B15: =INDEX('Qualification Data'!$D$9:$D$14,MATCH($A15,'Qualification Data'!$G$9:$G$14,0)) -> Vaishnavi M + Keerthana | C15: =INDEX('Qualification Data'!$C$9:$C$14,MATCH($A15,'Qualification Data'!$G$9:$G$14,0)) -> Team 2 | D15: =INDEX('Qualification Data'!$B$9:$B$14,MATCH($A15,'Qualification Data'!$G$9:$G$14,0)) -> Women's Doubles | E15: =INDEX('Qualification Data'!$E$9:$E$14,MATCH($A15,'Qualification Data'!$G$9:$G$14,0)) -> 6 | F15: =INDEX('Qualification Data'!$F$9:$F$14,MATCH($A15,'Qualification Data'!$G$9:$G$14,0)) -> 81 | G15: Semifinalist
A16: 4 | B16: =INDEX('Qualification Data'!$D$9:$D$14,MATCH($A16,'Qualification Data'!$G$9:$G$14,0)) -> Neha P Jain + Drishti | C16: =INDEX('Qualification Data'!$C$9:$C$14,MATCH($A16,'Qualification Data'!$G$9:$G$14,0)) -> Team 6 | D16: =INDEX('Qualification Data'!$B$9:$B$14,MATCH($A16,'Qualification Data'!$G$9:$G$14,0)) -> Women's Doubles | E16: =INDEX('Qualification Data'!$E$9:$E$14,MATCH($A16,'Qualification Data'!$G$9:$G$14,0)) -> 4 | F16: =INDEX('Qualification Data'!$F$9:$F$14,MATCH($A16,'Qualification Data'!$G$9:$G$14,0)) -> 71 | G16: Semifinalist
A18: Mixed Doubles — Top 4
A19: Rank | B19: Player / Pair | C19: Team | D19: Source Format | E19: Points | F19: Raw Score | G19: Status (Manual for Men)
A20: 1 | B20: =INDEX('Qualification Data'!$D$16:$D$21,MATCH($A20,'Qualification Data'!$G$16:$G$21,0)) -> Rithu + Darshan Patel | C20: =INDEX('Qualification Data'!$C$16:$C$21,MATCH($A20,'Qualification Data'!$G$16:$G$21,0)) -> Team 3 | D20: =INDEX('Qualification Data'!$B$16:$B$21,MATCH($A20,'Qualification Data'!$G$16:$G$21,0)) -> Mixed Doubles | E20: =INDEX('Qualification Data'!$E$16:$E$21,MATCH($A20,'Qualification Data'!$G$16:$G$21,0)) -> 10 | F20: =INDEX('Qualification Data'!$F$16:$F$21,MATCH($A20,'Qualification Data'!$G$16:$G$21,0)) -> 105 | G20: Semifinalist
A21: 2 | B21: =INDEX('Qualification Data'!$D$16:$D$21,MATCH($A21,'Qualification Data'!$G$16:$G$21,0)) -> Keerthana + Abhiram | C21: =INDEX('Qualification Data'!$C$16:$C$21,MATCH($A21,'Qualification Data'!$G$16:$G$21,0)) -> Team 2 | D21: =INDEX('Qualification Data'!$B$16:$B$21,MATCH($A21,'Qualification Data'!$G$16:$G$21,0)) -> Mixed Doubles | E21: =INDEX('Qualification Data'!$E$16:$E$21,MATCH($A21,'Qualification Data'!$G$16:$G$21,0)) -> 8 | F21: =INDEX('Qualification Data'!$F$16:$F$21,MATCH($A21,'Qualification Data'!$G$16:$G$21,0)) -> 100 | G21: Semifinalist
A22: 3 | B22: =INDEX('Qualification Data'!$D$16:$D$21,MATCH($A22,'Qualification Data'!$G$16:$G$21,0)) -> Neha + Dhruv Jaju | C22: =INDEX('Qualification Data'!$C$16:$C$21,MATCH($A22,'Qualification Data'!$G$16:$G$21,0)) -> Team 1 | D22: =INDEX('Qualification Data'!$B$16:$B$21,MATCH($A22,'Qualification Data'!$G$16:$G$21,0)) -> Mixed Doubles | E22: =INDEX('Qualification Data'!$E$16:$E$21,MATCH($A22,'Qualification Data'!$G$16:$G$21,0)) -> 4 | F22: =INDEX('Qualification Data'!$F$16:$F$21,MATCH($A22,'Qualification Data'!$G$16:$G$21,0)) -> 86 | G22: Semifinalist
A23: 4 | B23: =INDEX('Qualification Data'!$D$16:$D$21,MATCH($A23,'Qualification Data'!$G$16:$G$21,0)) -> Sanjana + Bharatha S | C23: =INDEX('Qualification Data'!$C$16:$C$21,MATCH($A23,'Qualification Data'!$G$16:$G$21,0)) -> Team 4 | D23: =INDEX('Qualification Data'!$B$16:$B$21,MATCH($A23,'Qualification Data'!$G$16:$G$21,0)) -> Mixed Doubles | E23: =INDEX('Qualification Data'!$E$16:$E$21,MATCH($A23,'Qualification Data'!$G$16:$G$21,0)) -> 4 | F23: =INDEX('Qualification Data'!$F$16:$F$21,MATCH($A23,'Qualification Data'!$G$16:$G$21,0)) -> 90 | G23: Semifinalist
A25: Men's Singles — Cross-format Quarterfinals
A26: Match | B26: MS1 Rank | C26: Men's Singles 1 Player | D26: Team | E26: MS2 Rank | F26: Men's Singles 2 Player | G26: Team
A27: Quarterfinal 1 | B27: 1 | C27: {=_xlfn.XLOOKUP("Men's Singles 1"&B27,'Qualification Data'!$B$23:$B$34&'Qualification Data'!$G$23:$G$34,'Qualification Data'!$D$23:$D$34)} -> Pavan D | D27: {=_xlfn.XLOOKUP("Men's Singles 1"&B27,'Qualification Data'!$B$23:$B$34&'Qualification Data'!$G$23:$G$34,'Qualification Data'!$C$23:$C$34)} -> Team 5 | E27: 4 | F27: {=_xlfn.XLOOKUP("Men's Singles 2"&E27,'Qualification Data'!$B$23:$B$34&'Qualification Data'!$G$23:$G$34,'Qualification Data'!$D$23:$D$34)} -> Navtej | G27: {=_xlfn.XLOOKUP("Men's Singles 2"&E27,'Qualification Data'!$B$23:$B$34&'Qualification Data'!$G$23:$G$34,'Qualification Data'!$C$23:$C$34)} -> Team 6
A28: Quarterfinal 2 | B28: 2 | C28: {=_xlfn.XLOOKUP("Men's Singles 1"&B28,'Qualification Data'!$B$23:$B$34&'Qualification Data'!$G$23:$G$34,'Qualification Data'!$D$23:$D$34)} -> Sujal | D28: {=_xlfn.XLOOKUP("Men's Singles 1"&B28,'Qualification Data'!$B$23:$B$34&'Qualification Data'!$G$23:$G$34,'Qualification Data'!$C$23:$C$34)} -> Team 3 | E28: 3 | F28: {=_xlfn.XLOOKUP("Men's Singles 2"&E28,'Qualification Data'!$B$23:$B$34&'Qualification Data'!$G$23:$G$34,'Qualification Data'!$D$23:$D$34)} -> Aman Doshi | G28: {=_xlfn.XLOOKUP("Men's Singles 2"&E28,'Qualification Data'!$B$23:$B$34&'Qualification Data'!$G$23:$G$34,'Qualification Data'!$C$23:$C$34)} -> Team 1
A29: Quarterfinal 3 | B29: 3 | C29: {=_xlfn.XLOOKUP("Men's Singles 1"&B29,'Qualification Data'!$B$23:$B$34&'Qualification Data'!$G$23:$G$34,'Qualification Data'!$D$23:$D$34)} -> Saurabh | D29: {=_xlfn.XLOOKUP("Men's Singles 1"&B29,'Qualification Data'!$B$23:$B$34&'Qualification Data'!$G$23:$G$34,'Qualification Data'!$C$23:$C$34)} -> Team 1 | E29: 2 | F29: {=_xlfn.XLOOKUP("Men's Singles 2"&E29,'Qualification Data'!$B$23:$B$34&'Qualification Data'!$G$23:$G$34,'Qualification Data'!$D$23:$D$34)} -> Vidwan | G29: {=_xlfn.XLOOKUP("Men's Singles 2"&E29,'Qualification Data'!$B$23:$B$34&'Qualification Data'!$G$23:$G$34,'Qualification Data'!$C$23:$C$34)} -> Team 5
A30: Quarterfinal 4 | B30: 4 | C30: {=_xlfn.XLOOKUP("Men's Singles 1"&B30,'Qualification Data'!$B$23:$B$34&'Qualification Data'!$G$23:$G$34,'Qualification Data'!$D$23:$D$34)} -> Anshul | D30: {=_xlfn.XLOOKUP("Men's Singles 1"&B30,'Qualification Data'!$B$23:$B$34&'Qualification Data'!$G$23:$G$34,'Qualification Data'!$C$23:$C$34)} -> Team 6 | E30: 1 | F30: {=_xlfn.XLOOKUP("Men's Singles 2"&E30,'Qualification Data'!$B$23:$B$34&'Qualification Data'!$G$23:$G$34,'Qualification Data'!$D$23:$D$34)} -> Jay B | G30: {=_xlfn.XLOOKUP("Men's Singles 2"&E30,'Qualification Data'!$B$23:$B$34&'Qualification Data'!$G$23:$G$34,'Qualification Data'!$C$23:$C$34)} -> Team 4
A38: Men's Doubles — Cross-format Quarterfinals
A39: Match | B39: MD1 Rank | C39: Men's Doubles 1 Pair | D39: Team | E39: MD2 Rank | F39: Men's Doubles 2 Pair | G39: Team
A40: Quarterfinal 1 | B40: 1 | C40: {=_xlfn.XLOOKUP("Men's Doubles 1"&B40,'Qualification Data'!$B$36:$B$47&'Qualification Data'!$G$36:$G$47,'Qualification Data'!$D$36:$D$47)} -> Kushal + Shubham | D40: {=_xlfn.XLOOKUP("Men's Doubles 1"&B40,'Qualification Data'!$B$36:$B$47&'Qualification Data'!$G$36:$G$47,'Qualification Data'!$C$36:$C$47)} -> Team 2 | E40: 4 | F40: {=_xlfn.XLOOKUP("Men's Doubles 2"&E40,'Qualification Data'!$B$36:$B$47&'Qualification Data'!$G$36:$G$47,'Qualification Data'!$D$36:$D$47)} -> Khush B + Hemanth | G40: {=_xlfn.XLOOKUP("Men's Doubles 2"&E40,'Qualification Data'!$B$36:$B$47&'Qualification Data'!$G$36:$G$47,'Qualification Data'!$C$36:$C$47)} -> Team 4
A41: Quarterfinal 2 | B41: 2 | C41: {=_xlfn.XLOOKUP("Men's Doubles 1"&B41,'Qualification Data'!$B$36:$B$47&'Qualification Data'!$G$36:$G$47,'Qualification Data'!$D$36:$D$47)} -> Kunal D + Anirudha H | D41: {=_xlfn.XLOOKUP("Men's Doubles 1"&B41,'Qualification Data'!$B$36:$B$47&'Qualification Data'!$G$36:$G$47,'Qualification Data'!$C$36:$C$47)} -> Team 3 | E41: 3 | F41: {=_xlfn.XLOOKUP("Men's Doubles 2"&E41,'Qualification Data'!$B$36:$B$47&'Qualification Data'!$G$36:$G$47,'Qualification Data'!$D$36:$D$47)} -> Yuvraj + Karthik KB | G41: {=_xlfn.XLOOKUP("Men's Doubles 2"&E41,'Qualification Data'!$B$36:$B$47&'Qualification Data'!$G$36:$G$47,'Qualification Data'!$C$36:$C$47)} -> Team 2
A42: Quarterfinal 3 | B42: 3 | C42: {=_xlfn.XLOOKUP("Men's Doubles 1"&B42,'Qualification Data'!$B$36:$B$47&'Qualification Data'!$G$36:$G$47,'Qualification Data'!$D$36:$D$47)} -> Leela Sagar + Ali Akbar | D42: {=_xlfn.XLOOKUP("Men's Doubles 1"&B42,'Qualification Data'!$B$36:$B$47&'Qualification Data'!$G$36:$G$47,'Qualification Data'!$C$36:$C$47)} -> Team 4 | E42: 2 | F42: {=_xlfn.XLOOKUP("Men's Doubles 2"&E42,'Qualification Data'!$B$36:$B$47&'Qualification Data'!$G$36:$G$47,'Qualification Data'!$D$36:$D$47)} -> Sarvesh H + Deviprasad | G42: {=_xlfn.XLOOKUP("Men's Doubles 2"&E42,'Qualification Data'!$B$36:$B$47&'Qualification Data'!$G$36:$G$47,'Qualification Data'!$C$36:$C$47)} -> Team 3
A43: Quarterfinal 4 | B43: 4 | C43: {=_xlfn.XLOOKUP("Men's Doubles 1"&B43,'Qualification Data'!$B$36:$B$47&'Qualification Data'!$G$36:$G$47,'Qualification Data'!$D$36:$D$47)} -> Nagarajan + Chandrashaker Joshi | D43: {=_xlfn.XLOOKUP("Men's Doubles 1"&B43,'Qualification Data'!$B$36:$B$47&'Qualification Data'!$G$36:$G$47,'Qualification Data'!$C$36:$C$47)} -> Team 6 | E43: 1 | F43: {=_xlfn.XLOOKUP("Men's Doubles 2"&E43,'Qualification Data'!$B$36:$B$47&'Qualification Data'!$G$36:$G$47,'Qualification Data'!$D$36:$D$47)} -> Rohan + Bhuvanesh | G43: {=_xlfn.XLOOKUP("Men's Doubles 2"&E43,'Qualification Data'!$B$36:$B$47&'Qualification Data'!$G$36:$G$47,'Qualification Data'!$C$36:$C$47)} -> Team 6

Sheet Finals
A1: Tournament Finals — Best of Three
A2: Women's events: semifinals (1 vs 4, 2 vs 3). Men's cross-format quarterfinals: up to 3 matches; first to 2 match wins advances. Men's semifinals use fixed bracket QF1 vs QF3 and QF2 vs QF4 (no score-based reseeding). Semifinals and finals: best of 3 sets.
A4: Format | B4: Round | C4: Seed 1 | D4: Competitor 1 | E4: Team 1 | F4: Match/Set 1 | G4: Match/Set 2 | H4: Match/Set 3 | I4: Wins | J4: Seed 2 | K4: Competitor 2 | L4: Team 2 | M4: Match/Set 1 | N4: Match/Set 2 | O4: Match/Set 3 | P4: Wins | Q4: Winner | R4: Winning Team | S4: Cumulative Score | T4: Score Rank
A5: Women's Singles | B5: Semifinal 1 | C5: 1 | D5: =Qualifiers!B6 -> Neha P Jain | E5: =Qualifiers!C6 -> Team 6 | F5: 16 | G5: 16 | H5: 0 | I5: =IF(OR(F5="",M5=""),"",--(F5>M5)+IF(OR(G5="",N5=""),0,--(G5>N5))+IF(OR(H5="",O5=""),0,--(H5>O5))) -> 2 | J5: 4 | K5: =Qualifiers!B9 -> Mamta | L5: =Qualifiers!C9 -> Team 3 | M5: 7 | N5: 9 | O5: 0 | P5: =IF(OR(F5="",M5=""),"",--(M5>F5)+IF(OR(G5="",N5=""),0,--(N5>G5))+IF(OR(H5="",O5=""),0,--(O5>H5))) -> 0 | Q5: =IF(OR(I5="",P5=""),"Pending",IF(I5=P5,"Tie - review",IF(I5>P5,D5,K5))) -> Neha P Jain | R5: =IF(OR(I5="",P5=""),"Pending",IF(I5=P5,"Tie - review",IF(I5>P5,E5,L5))) -> Team 6
A6: Women's Singles | B6: Semifinal 2 | C6: 2 | D6: =Qualifiers!B7 -> Vaishnavi M | E6: =Qualifiers!C7 -> Team 2 | F6: 16 | G6: 15 | H6: 14 | I6: =IF(OR(F6="",M6=""),"",--(F6>M6)+IF(OR(G6="",N6=""),0,--(G6>N6))+IF(OR(H6="",O6=""),0,--(H6>O6))) -> 1 | J6: 3 | K6: =Qualifiers!B8 -> Subashree | L6: =Qualifiers!C8 -> Team 4 | M6: 12 | N6: 17 | O6: 16 | P6: =IF(OR(F6="",M6=""),"",--(M6>F6)+IF(OR(G6="",N6=""),0,--(N6>G6))+IF(OR(H6="",O6=""),0,--(O6>H6))) -> 2 | Q6: =IF(OR(I6="",P6=""),"Pending",IF(I6=P6,"Tie - review",IF(I6>P6,D6,K6))) -> Subashree | R6: =IF(OR(I6="",P6=""),"Pending",IF(I6=P6,"Tie - review",IF(I6>P6,E6,L6))) -> Team 4
A7: Women's Singles | B7: Final | C7: SF1 Winner | D7: =IF(OR(Q5="Pending",LEFT(Q5,3)="Tie"),"TBD",Q5) -> Neha P Jain | E7: =IF(OR(R5="Pending",LEFT(R5,3)="Tie"),"TBD",R5) -> Team 6 | F7: 21 | G7: 21 | H7: 0 | I7: =IF(OR(F7="",M7=""),"",--(F7>M7)+IF(OR(G7="",N7=""),0,--(G7>N7))+IF(OR(H7="",O7=""),0,--(H7>O7))) -> 2 | J7: SF2 Winner | K7: =IF(OR(Q6="Pending",LEFT(Q6,3)="Tie"),"TBD",Q6) -> Subashree | L7: =IF(OR(R6="Pending",LEFT(R6,3)="Tie"),"TBD",R6) -> Team 4 | M7: 17 | N7: 18 | O7: 0 | P7: =IF(OR(F7="",M7=""),"",--(M7>F7)+IF(OR(G7="",N7=""),0,--(N7>G7))+IF(OR(H7="",O7=""),0,--(O7>H7))) -> 0 | Q7: =IF(OR(I7="",P7=""),"Pending",IF(I7=P7,"Tie - review",IF(I7>P7,D7,K7))) -> Neha P Jain | R7: =IF(OR(I7="",P7=""),"Pending",IF(I7=P7,"Tie - review",IF(I7>P7,E7,L7))) -> Team 6
A8: Women's Doubles | B8: Semifinal 1 | C8: 1 | D8: =Qualifiers!B13 -> Amrutha + Neha | E8: =Qualifiers!C13 -> Team 1 | I8: =IF(OR(F8="",M8=""),"",--(F8>M8)+IF(OR(G8="",N8=""),0,--(G8>N8))+IF(OR(H8="",O8=""),0,--(H8>O8))) | J8: 4 | K8: =Qualifiers!B16 -> Neha P Jain + Drishti | L8: =Qualifiers!C16 -> Team 6 | P8: =IF(OR(F8="",M8=""),"",--(M8>F8)+IF(OR(G8="",N8=""),0,--(N8>G8))+IF(OR(H8="",O8=""),0,--(O8>H8))) | Q8: =IF(OR(I8="",P8=""),"Pending",IF(I8=P8,"Tie - review",IF(I8>P8,D8,K8))) -> Pending | R8: =IF(OR(I8="",P8=""),"Pending",IF(I8=P8,"Tie - review",IF(I8>P8,E8,L8))) -> Pending
A9: Women's Doubles | B9: Semifinal 2 | C9: 2 | D9: =Qualifiers!B14 -> Subashree + Sanjana | E9: =Qualifiers!C14 -> Team 4 | F9: 16 | G9: 7 | H9: 9 | I9: =IF(OR(F9="",M9=""),"",--(F9>M9)+IF(OR(G9="",N9=""),0,--(G9>N9))+IF(OR(H9="",O9=""),0,--(H9>O9))) -> 1 | J9: 3 | K9: =Qualifiers!B15 -> Vaishnavi M + Keerthana | L9: =Qualifiers!C15 -> Team 2 | M9: 12 | N9: 16 | O9: 16 | P9: =IF(OR(F9="",M9=""),"",--(M9>F9)+IF(OR(G9="",N9=""),0,--(N9>G9))+IF(OR(H9="",O9=""),0,--(O9>H9))) -> 2 | Q9: =IF(OR(I9="",P9=""),"Pending",IF(I9=P9,"Tie - review",IF(I9>P9,D9,K9))) -> Vaishnavi M + Keerthana | R9: =IF(OR(I9="",P9=""),"Pending",IF(I9=P9,"Tie - review",IF(I9>P9,E9,L9))) -> Team 2
A10: Women's Doubles | B10: Final | C10: SF1 Winner | D10: =IF(OR(Q8="Pending",LEFT(Q8,3)="Tie"),"TBD",Q8) -> TBD | E10: =IF(OR(R8="Pending",LEFT(R8,3)="Tie"),"TBD",R8) -> TBD | I10: =IF(OR(F10="",M10=""),"",--(F10>M10)+IF(OR(G10="",N10=""),0,--(G10>N10))+IF(OR(H10="",O10=""),0,--(H10>O10))) | J10: SF2 Winner | K10: =IF(OR(Q9="Pending",LEFT(Q9,3)="Tie"),"TBD",Q9) -> Vaishnavi M + Keerthana | L10: =IF(OR(R9="Pending",LEFT(R9,3)="Tie"),"TBD",R9) -> Team 2 | P10: =IF(OR(F10="",M10=""),"",--(M10>F10)+IF(OR(G10="",N10=""),0,--(N10>G10))+IF(OR(H10="",O10=""),0,--(O10>H10))) | Q10: =IF(OR(I10="",P10=""),"Pending",IF(I10=P10,"Tie - review",IF(I10>P10,D10,K10))) -> Pending | R10: =IF(OR(I10="",P10=""),"Pending",IF(I10=P10,"Tie - review",IF(I10>P10,E10,L10))) -> Pending
A11: Mixed Doubles | B11: Semifinal 1 | C11: 1 | D11: =Qualifiers!B20 -> Rithu + Darshan Patel | E11: =Qualifiers!C20 -> Team 3 | F11: 15 | G11: 16 | H11: 15 | I11: =IF(OR(F11="",M11=""),"",--(F11>M11)+IF(OR(G11="",N11=""),0,--(G11>N11))+IF(OR(H11="",O11=""),0,--(H11>O11))) -> 2 | J11: 4 | K11: =Qualifiers!B23 -> Sanjana + Bharatha S | L11: =Qualifiers!C23 -> Team 4 | M11: 17 | N11: 14 | O11: 9 | P11: =IF(OR(F11="",M11=""),"",--(M11>F11)+IF(OR(G11="",N11=""),0,--(N11>G11))+IF(OR(H11="",O11=""),0,--(O11>H11))) -> 1 | Q11: =IF(OR(I11="",P11=""),"Pending",IF(I11=P11,"Tie - review",IF(I11>P11,D11,K11))) -> Rithu + Darshan Patel | R11: =IF(OR(I11="",P11=""),"Pending",IF(I11=P11,"Tie - review",IF(I11>P11,E11,L11))) -> Team 3
A12: Mixed Doubles | B12: Semifinal 2 | C12: 2 | D12: =Qualifiers!B21 -> Keerthana + Abhiram | E12: =Qualifiers!C21 -> Team 2 | F12: 16 | G12: 12 | H12: 16 | I12: =IF(OR(F12="",M12=""),"",--(F12>M12)+IF(OR(G12="",N12=""),0,--(G12>N12))+IF(OR(H12="",O12=""),0,--(H12>O12))) -> 2 | J12: 3 | K12: =Qualifiers!B22 -> Neha + Dhruv Jaju | L12: =Qualifiers!C22 -> Team 1 | M12: 10 | N12: 16 | O12: 10 | P12: =IF(OR(F12="",M12=""),"",--(M12>F12)+IF(OR(G12="",N12=""),0,--(N12>G12))+IF(OR(H12="",O12=""),0,--(O12>H12))) -> 1 | Q12: =IF(OR(I12="",P12=""),"Pending",IF(I12=P12,"Tie - review",IF(I12>P12,D12,K12))) -> Keerthana + Abhiram | R12: =IF(OR(I12="",P12=""),"Pending",IF(I12=P12,"Tie - review",IF(I12>P12,E12,L12))) -> Team 2
A13: Mixed Doubles | B13: Final | C13: SF1 Winner | D13: =IF(OR(Q11="Pending",LEFT(Q11,3)="Tie"),"TBD",Q11) -> Rithu + Darshan Patel | E13: =IF(OR(R11="Pending",LEFT(R11,3)="Tie"),"TBD",R11) -> Team 3 | F13: 5 | G13: 21 | H13: 12 | I13: =IF(OR(F13="",M13=""),"",--(F13>M13)+IF(OR(G13="",N13=""),0,--(G13>N13))+IF(OR(H13="",O13=""),0,--(H13>O13))) -> 1 | J13: SF2 Winner | K13: =IF(OR(Q12="Pending",LEFT(Q12,3)="Tie"),"TBD",Q12) -> Keerthana + Abhiram | L13: =IF(OR(R12="Pending",LEFT(R12,3)="Tie"),"TBD",R12) -> Team 2 | M13: 21 | N13: 18 | O13: 21 | P13: =IF(OR(F13="",M13=""),"",--(M13>F13)+IF(OR(G13="",N13=""),0,--(N13>G13))+IF(OR(H13="",O13=""),0,--(O13>H13))) -> 2 | Q13: =IF(OR(I13="",P13=""),"Pending",IF(I13=P13,"Tie - review",IF(I13>P13,D13,K13))) -> Keerthana + Abhiram | R13: =IF(OR(I13="",P13=""),"Pending",IF(I13=P13,"Tie - review",IF(I13>P13,E13,L13))) -> Team 2
A14: Men's Singles | B14: Quarterfinal 1 | C14: MS1 #1 | D14: =Qualifiers!C27 -> Pavan D | E14: =Qualifiers!D27 -> Team 5 | I14: =IF(OR(F14="",M14=""),"",--(F14>M14)+IF(OR(G14="",N14=""),0,--(G14>N14))+IF(OR(H14="",O14=""),0,--(H14>O14))) | J14: MS2 #4 | K14: =Qualifiers!F27 -> Navtej | L14: =Qualifiers!G27 -> Team 6 | P14: =IF(OR(F14="",M14=""),"",--(M14>F14)+IF(OR(G14="",N14=""),0,--(N14>G14))+IF(OR(H14="",O14=""),0,--(O14>H14))) | Q14: =IF(MAX(N(I14),N(P14))>=2,IF(I14>P14,D14,K14),IF(AND(COUNT(F14:H14,M14:O14)=6,I14=P14),"Tie - review","Pending")) -> Pending | R14: =IF(OR(Q14="Pending",LEFT(Q14,3)="Tie"),Q14,IF(Q14=D14,E14,L14)) -> Pending | S14: =IF(OR(Q14="Pending",LEFT(Q14,3)="Tie"),"",SUMIF('Qualification Data'!$D$23:$D$34,Q14,'Qualification Data'!$F$23:$F$34)+IF(Q14=D14,SUM(F14:H14),SUM(M14:O14))) | T14: =IF(S14="","",1+COUNTIF($S$14:$S$17,">"&S14)+COUNTIF($S$14:S14,S14)-1)
A15: Men's Singles | B15: Quarterfinal 2 | C15: MS1 #2 | D15: =Qualifiers!C28 -> Sujal | E15: =Qualifiers!D28 -> Team 3 | I15: =IF(OR(F15="",M15=""),"",--(F15>M15)+IF(OR(G15="",N15=""),0,--(G15>N15))+IF(OR(H15="",O15=""),0,--(H15>O15))) | J15: MS2 #3 | K15: =Qualifiers!F28 -> Aman Doshi | L15: =Qualifiers!G28 -> Team 1 | P15: =IF(OR(F15="",M15=""),"",--(M15>F15)+IF(OR(G15="",N15=""),0,--(N15>G15))+IF(OR(H15="",O15=""),0,--(O15>H15))) | Q15: =IF(MAX(N(I15),N(P15))>=2,IF(I15>P15,D15,K15),IF(AND(COUNT(F15:H15,M15:O15)=6,I15=P15),"Tie - review","Pending")) -> Pending | R15: =IF(OR(Q15="Pending",LEFT(Q15,3)="Tie"),Q15,IF(Q15=D15,E15,L15)) -> Pending | S15: =IF(OR(Q15="Pending",LEFT(Q15,3)="Tie"),"",SUMIF('Qualification Data'!$D$23:$D$34,Q15,'Qualification Data'!$F$23:$F$34)+IF(Q15=D15,SUM(F15:H15),SUM(M15:O15))) | T15: =IF(S15="","",1+COUNTIF($S$14:$S$17,">"&S15)+COUNTIF($S$14:S15,S15)-1)
A16: Men's Singles | B16: Quarterfinal 3 | C16: MS1 #3 | D16: =Qualifiers!C29 -> Saurabh | E16: =Qualifiers!D29 -> Team 1 | F16: 9 | G16: 14 | H16: 0 | I16: =IF(OR(F16="",M16=""),"",--(F16>M16)+IF(OR(G16="",N16=""),0,--(G16>N16))+IF(OR(H16="",O16=""),0,--(H16>O16))) -> 0 | J16: MS2 #2 | K16: =Qualifiers!F29 -> Vidwan | L16: =Qualifiers!G29 -> Team 5 | M16: 16 | N16: 16 | O16: 0 | P16: =IF(OR(F16="",M16=""),"",--(M16>F16)+IF(OR(G16="",N16=""),0,--(N16>G16))+IF(OR(H16="",O16=""),0,--(O16>H16))) -> 2 | Q16: =IF(MAX(N(I16),N(P16))>=2,IF(I16>P16,D16,K16),IF(AND(COUNT(F16:H16,M16:O16)=6,I16=P16),"Tie - review","Pending")) -> Vidwan | R16: =IF(OR(Q16="Pending",LEFT(Q16,3)="Tie"),Q16,IF(Q16=D16,E16,L16)) -> Team 5 | S16: =IF(OR(Q16="Pending",LEFT(Q16,3)="Tie"),"",SUMIF('Qualification Data'!$D$23:$D$34,Q16,'Qualification Data'!$F$23:$F$34)+IF(Q16=D16,SUM(F16:H16),SUM(M16:O16))) -> 129 | T16: =IF(S16="","",1+COUNTIF($S$14:$S$17,">"&S16)+COUNTIF($S$14:S16,S16)-1) -> 1
A17: Men's Singles | B17: Quarterfinal 4 | C17: MS1 #4 | D17: =Qualifiers!C30 -> Anshul | E17: =Qualifiers!D30 -> Team 6 | I17: =IF(OR(F17="",M17=""),"",--(F17>M17)+IF(OR(G17="",N17=""),0,--(G17>N17))+IF(OR(H17="",O17=""),0,--(H17>O17))) | J17: MS2 #1 | K17: =Qualifiers!F30 -> Jay B | L17: =Qualifiers!G30 -> Team 4 | P17: =IF(OR(F17="",M17=""),"",--(M17>F17)+IF(OR(G17="",N17=""),0,--(N17>G17))+IF(OR(H17="",O17=""),0,--(O17>H17))) | Q17: =IF(MAX(N(I17),N(P17))>=2,IF(I17>P17,D17,K17),IF(AND(COUNT(F17:H17,M17:O17)=6,I17=P17),"Tie - review","Pending")) -> Pending | R17: =IF(OR(Q17="Pending",LEFT(Q17,3)="Tie"),Q17,IF(Q17=D17,E17,L17)) -> Pending | S17: =IF(OR(Q17="Pending",LEFT(Q17,3)="Tie"),"",SUMIF('Qualification Data'!$D$23:$D$34,Q17,'Qualification Data'!$F$23:$F$34)+IF(Q17=D17,SUM(F17:H17),SUM(M17:O17))) | T17: =IF(S17="","",1+COUNTIF($S$14:$S$17,">"&S17)+COUNTIF($S$14:S17,S17)-1)
A18: Men's Singles | B18: Semifinal 1 | C18: ="QF1 Winner" -> QF1 Winner | D18: =IF(OR(Q14="Pending",LEFT(Q14,3)="Tie",Q14=""),"TBD",Q14) -> TBD | E18: =IF(D18="TBD","TBD",R14) -> TBD | I18: =IF(OR(F18="",M18=""),"",--(F18>M18)+IF(OR(G18="",N18=""),0,--(G18>N18))+IF(OR(H18="",O18=""),0,--(H18>O18))) | J18: ="QF3 Winner" -> QF3 Winner | K18: =IF(OR(Q16="Pending",LEFT(Q16,3)="Tie",Q16=""),"TBD",Q16) -> Vidwan | L18: =IF(K18="TBD","TBD",R16) -> Team 5 | P18: =IF(OR(F18="",M18=""),"",--(M18>F18)+IF(OR(G18="",N18=""),0,--(N18>G18))+IF(OR(H18="",O18=""),0,--(O18>H18))) | Q18: =IF(OR(I18="",P18=""),"Pending",IF(I18=P18,"Tie - review",IF(I18>P18,D18,K18))) -> Pending | R18: =IF(OR(I18="",P18=""),"Pending",IF(I18=P18,"Tie - review",IF(I18>P18,E18,L18))) -> Pending
A19: Men's Singles | B19: Semifinal 2 | C19: ="QF2 Winner" -> QF2 Winner | D19: =IF(OR(Q15="Pending",LEFT(Q15,3)="Tie",Q15=""),"TBD",Q15) -> TBD | E19: =IF(D19="TBD","TBD",R15) -> TBD | I19: =IF(OR(F19="",M19=""),"",--(F19>M19)+IF(OR(G19="",N19=""),0,--(G19>N19))+IF(OR(H19="",O19=""),0,--(H19>O19))) | J19: ="QF4 Winner" -> QF4 Winner | K19: =IF(OR(Q17="Pending",LEFT(Q17,3)="Tie",Q17=""),"TBD",Q17) -> TBD | L19: =IF(K19="TBD","TBD",R17) -> TBD | P19: =IF(OR(F19="",M19=""),"",--(M19>F19)+IF(OR(G19="",N19=""),0,--(N19>G19))+IF(OR(H19="",O19=""),0,--(O19>H19))) | Q19: =IF(OR(I19="",P19=""),"Pending",IF(I19=P19,"Tie - review",IF(I19>P19,D19,K19))) -> Pending | R19: =IF(OR(I19="",P19=""),"Pending",IF(I19=P19,"Tie - review",IF(I19>P19,E19,L19))) -> Pending
A20: Men's Singles | B20: Final | C20: SF1 Winner | D20: =IF(OR(Q18="Pending",LEFT(Q18,3)="Tie"),"TBD",Q18) -> TBD | E20: =IF(OR(R18="Pending",LEFT(R18,3)="Tie"),"TBD",R18) -> TBD | I20: =IF(OR(F20="",M20=""),"",--(F20>M20)+IF(OR(G20="",N20=""),0,--(G20>N20))+IF(OR(H20="",O20=""),0,--(H20>O20))) | J20: SF2 Winner | K20: =IF(OR(Q19="Pending",LEFT(Q19,3)="Tie"),"TBD",Q19) -> TBD | L20: =IF(OR(R19="Pending",LEFT(R19,3)="Tie"),"TBD",R19) -> TBD | P20: =IF(OR(F20="",M20=""),"",--(M20>F20)+IF(OR(G20="",N20=""),0,--(N20>G20))+IF(OR(H20="",O20=""),0,--(O20>H20))) | Q20: =IF(OR(I20="",P20=""),"Pending",IF(I20=P20,"Tie - review",IF(I20>P20,D20,K20))) -> Pending | R20: =IF(OR(I20="",P20=""),"Pending",IF(I20=P20,"Tie - review",IF(I20>P20,E20,L20))) -> Pending
A22: Men's Doubles | B22: Quarterfinal 1 | C22: MD1 #1 | D22: =Qualifiers!C40 -> Kushal + Shubham | E22: =Qualifiers!D40 -> Team 2 | I22: =IF(OR(F22="",M22=""),"",--(F22>M22)+IF(OR(G22="",N22=""),0,--(G22>N22))+IF(OR(H22="",O22=""),0,--(H22>O22))) | J22: MD2 #4 | K22: =Qualifiers!F40 -> Khush B + Hemanth | L22: =Qualifiers!G40 -> Team 4 | P22: =IF(OR(F22="",M22=""),"",--(M22>F22)+IF(OR(G22="",N22=""),0,--(N22>G22))+IF(OR(H22="",O22=""),0,--(O22>H22))) | Q22: =IF(MAX(N(I22),N(P22))>=2,IF(I22>P22,D22,K22),IF(AND(COUNT(F22:H22,M22:O22)=6,I22=P22),"Tie - review","Pending")) -> Pending | R22: =IF(OR(Q22="Pending",LEFT(Q22,3)="Tie"),Q22,IF(Q22=D22,E22,L22)) -> Pending | S22: =IF(OR(Q22="Pending",LEFT(Q22,3)="Tie"),"",SUMIF('Qualification Data'!$D$36:$D$47,Q22,'Qualification Data'!$F$36:$F$47)+IF(Q22=D22,SUM(F22:H22),SUM(M22:O22))) | T22: =IF(S22="","",1+COUNTIF($S$22:$S$25,">"&S22)+COUNTIF($S$22:S22,S22)-1)
A23: Men's Doubles | B23: Quarterfinal 2 | C23: MD1 #2 | D23: =Qualifiers!C41 -> Kunal D + Anirudha H | E23: =Qualifiers!D41 -> Team 3 | I23: =IF(OR(F23="",M23=""),"",--(F23>M23)+IF(OR(G23="",N23=""),0,--(G23>N23))+IF(OR(H23="",O23=""),0,--(H23>O23))) | J23: MD2 #3 | K23: =Qualifiers!F41 -> Yuvraj + Karthik KB | L23: =Qualifiers!G41 -> Team 2 | P23: =IF(OR(F23="",M23=""),"",--(M23>F23)+IF(OR(G23="",N23=""),0,--(N23>G23))+IF(OR(H23="",O23=""),0,--(O23>H23))) | Q23: =IF(MAX(N(I23),N(P23))>=2,IF(I23>P23,D23,K23),IF(AND(COUNT(F23:H23,M23:O23)=6,I23=P23),"Tie - review","Pending")) -> Pending | R23: =IF(OR(Q23="Pending",LEFT(Q23,3)="Tie"),Q23,IF(Q23=D23,E23,L23)) -> Pending | S23: =IF(OR(Q23="Pending",LEFT(Q23,3)="Tie"),"",SUMIF('Qualification Data'!$D$36:$D$47,Q23,'Qualification Data'!$F$36:$F$47)+IF(Q23=D23,SUM(F23:H23),SUM(M23:O23))) | T23: =IF(S23="","",1+COUNTIF($S$22:$S$25,">"&S23)+COUNTIF($S$22:S23,S23)-1)
A24: Men's Doubles | B24: Quarterfinal 3 | C24: MD1 #3 | D24: =Qualifiers!C42 -> Leela Sagar + Ali Akbar | E24: =Qualifiers!D42 -> Team 4 | F24: 16 | G24: 12 | H24: 12 | I24: =IF(OR(F24="",M24=""),"",--(F24>M24)+IF(OR(G24="",N24=""),0,--(G24>N24))+IF(OR(H24="",O24=""),0,--(H24>O24))) -> 1 | J24: MD2 #2 | K24: =Qualifiers!F42 -> Sarvesh H + Deviprasad | L24: =Qualifiers!G42 -> Team 3 | M24: 12 | N24: 16 | O24: 16 | P24: =IF(OR(F24="",M24=""),"",--(M24>F24)+IF(OR(G24="",N24=""),0,--(N24>G24))+IF(OR(H24="",O24=""),0,--(O24>H24))) -> 2 | Q24: =IF(MAX(N(I24),N(P24))>=2,IF(I24>P24,D24,K24),IF(AND(COUNT(F24:H24,M24:O24)=6,I24=P24),"Tie - review","Pending")) -> Sarvesh H + Deviprasad | R24: =IF(OR(Q24="Pending",LEFT(Q24,3)="Tie"),Q24,IF(Q24=D24,E24,L24)) -> Team 3 | S24: =IF(OR(Q24="Pending",LEFT(Q24,3)="Tie"),"",SUMIF('Qualification Data'!$D$36:$D$47,Q24,'Qualification Data'!$F$36:$F$47)+IF(Q24=D24,SUM(F24:H24),SUM(M24:O24))) -> 148 | T24: =IF(S24="","",1+COUNTIF($S$22:$S$25,">"&S24)+COUNTIF($S$22:S24,S24)-1) -> 1
A25: Men's Doubles | B25: Quarterfinal 4 | C25: MD1 #4 | D25: =Qualifiers!C43 -> Nagarajan + Chandrashaker Joshi | E25: =Qualifiers!D43 -> Team 6 | F25: 16 | G25: 16 | H25: 0 | I25: =IF(OR(F25="",M25=""),"",--(F25>M25)+IF(OR(G25="",N25=""),0,--(G25>N25))+IF(OR(H25="",O25=""),0,--(H25>O25))) -> 2 | J25: MD2 #1 | K25: =Qualifiers!F43 -> Rohan + Bhuvanesh | L25: =Qualifiers!G43 -> Team 6 | M25: 6 | N25: 8 | O25: 0 | P25: =IF(OR(F25="",M25=""),"",--(M25>F25)+IF(OR(G25="",N25=""),0,--(N25>G25))+IF(OR(H25="",O25=""),0,--(O25>H25))) -> 0 | Q25: =IF(MAX(N(I25),N(P25))>=2,IF(I25>P25,D25,K25),IF(AND(COUNT(F25:H25,M25:O25)=6,I25=P25),"Tie - review","Pending")) -> Nagarajan + Chandrashaker Joshi | R25: =IF(OR(Q25="Pending",LEFT(Q25,3)="Tie"),Q25,IF(Q25=D25,E25,L25)) -> Team 6 | S25: =IF(OR(Q25="Pending",LEFT(Q25,3)="Tie"),"",SUMIF('Qualification Data'!$D$36:$D$47,Q25,'Qualification Data'!$F$36:$F$47)+IF(Q25=D25,SUM(F25:H25),SUM(M25:O25))) -> 126 | T25: =IF(S25="","",1+COUNTIF($S$22:$S$25,">"&S25)+COUNTIF($S$22:S25,S25)-1) -> 2
A26: Men's Doubles | B26: Semifinal 1 | C26: ="QF1 Winner" -> QF1 Winner | D26: =IF(OR(Q22="Pending",LEFT(Q22,3)="Tie",Q22=""),"TBD",Q22) -> TBD | E26: =IF(D26="TBD","TBD",R22) -> TBD | I26: =IF(OR(F26="",M26=""),"",--(F26>M26)+IF(OR(G26="",N26=""),0,--(G26>N26))+IF(OR(H26="",O26=""),0,--(H26>O26))) | J26: ="QF3 Winner" -> QF3 Winner | K26: =IF(OR(Q24="Pending",LEFT(Q24,3)="Tie",Q24=""),"TBD",Q24) -> Sarvesh H + Deviprasad | L26: =IF(K26="TBD","TBD",R24) -> Team 3 | P26: =IF(OR(F26="",M26=""),"",--(M26>F26)+IF(OR(G26="",N26=""),0,--(N26>G26))+IF(OR(H26="",O26=""),0,--(O26>H26))) | Q26: =IF(OR(I26="",P26=""),"Pending",IF(I26=P26,"Tie - review",IF(I26>P26,D26,K26))) -> Pending | R26: =IF(OR(I26="",P26=""),"Pending",IF(I26=P26,"Tie - review",IF(I26>P26,E26,L26))) -> Pending
A27: Men's Doubles | B27: Semifinal 2 | C27: ="QF2 Winner" -> QF2 Winner | D27: =IF(OR(Q23="Pending",LEFT(Q23,3)="Tie",Q23=""),"TBD",Q23) -> TBD | E27: =IF(D27="TBD","TBD",R23) -> TBD | I27: =IF(OR(F27="",M27=""),"",--(F27>M27)+IF(OR(G27="",N27=""),0,--(G27>N27))+IF(OR(H27="",O27=""),0,--(H27>O27))) | J27: ="QF4 Winner" -> QF4 Winner | K27: =IF(OR(Q25="Pending",LEFT(Q25,3)="Tie",Q25=""),"TBD",Q25) -> Nagarajan + Chandrashaker Joshi | L27: =IF(K27="TBD","TBD",R25) -> Team 6 | P27: =IF(OR(F27="",M27=""),"",--(M27>F27)+IF(OR(G27="",N27=""),0,--(N27>G27))+IF(OR(H27="",O27=""),0,--(O27>H27))) | Q27: =IF(OR(I27="",P27=""),"Pending",IF(I27=P27,"Tie - review",IF(I27>P27,D27,K27))) -> Pending | R27: =IF(OR(I27="",P27=""),"Pending",IF(I27=P27,"Tie - review",IF(I27>P27,E27,L27))) -> Pending
A28: Men's Doubles | B28: Final | C28: SF1 Winner | D28: =IF(OR(Q26="Pending",LEFT(Q26,3)="Tie"),"TBD",Q26) -> TBD | E28: =IF(OR(R26="Pending",LEFT(R26,3)="Tie"),"TBD",R26) -> TBD | I28: =IF(OR(F28="",M28=""),"",--(F28>M28)+IF(OR(G28="",N28=""),0,--(G28>N28))+IF(OR(H28="",O28=""),0,--(H28>O28))) | J28: SF2 Winner | K28: =IF(OR(Q27="Pending",LEFT(Q27,3)="Tie"),"TBD",Q27) -> TBD | L28: =IF(OR(R27="Pending",LEFT(R27,3)="Tie"),"TBD",R27) -> TBD | P28: =IF(OR(F28="",M28=""),"",--(M28>F28)+IF(OR(G28="",N28=""),0,--(N28>G28))+IF(OR(H28="",O28=""),0,--(O28>H28))) | Q28: =IF(OR(I28="",P28=""),"Pending",IF(I28=P28,"Tie - review",IF(I28>P28,D28,K28))) -> Pending | R28: =IF(OR(I28="",P28=""),"Pending",IF(I28=P28,"Tie - review",IF(I28>P28,E28,L28))) -> Pending

Sheet Best Team Ranking
A1: Best Team — All-Format Tournament Ranking
A2: Scoring: 1 point per league match win; 1 point for EACH set won in quarterfinals or semifinals (both teams earn their set wins, even in an unfinished tie); final winner 5 points, runner-up 3. Final sets do not earn extra points.
A4: Team | B4: League Wins | C4: QF/SF Sets Won | D4: League + QF/SF | E4: Event Titles | F4: Runner-Up Finishes | G4: Title Bonus | H4: Runner-Up Bonus | I4: Total Score | J4: Rank
A5: Team 1 | B5: =COUNTIF('Shuffled Matches'!$L$3:$L$112,$A5) -> 17 | C5: =SUMIFS(Finals!$I$5:$I$28,Finals!$E$5:$E$28,$A5,Finals!$B$5:$B$28,"Quarterfinal*")+SUMIFS(Finals!$P$5:$P$28,Finals!$L$5:$L$28,$A5,Finals!$B$5:$B$28,"Quarterfinal*")+SUMIFS(Finals!$I$5:$I$28,Finals!$E$5:$E$28,$A5,Finals!$B$5:$B$28,"Semifinal*")+SUMIFS(Finals!$P$5:$P$28,Finals!$L$5:$L$28,$A5,Finals!$B$5:$B$28,"Semifinal*") -> 1 | D5: =B5+C5 -> 18 | E5: =COUNTIFS(Finals!$B$5:$B$28,"Final",Finals!$R$5:$R$28,$A5,Finals!$E$5:$E$28,"Team*",Finals!$L$5:$L$28,"Team*") -> 0 | F5: {=SUMPRODUCT((Finals!$B$5:$B$28="Final")*(LEFT(Finals!$R$5:$R$28,4)="Team")*(Finals!$R$5:$R$28<>$A5)*(LEFT(Finals!$E$5:$E$28,4)="Team")*(LEFT(Finals!$L$5:$L$28,4)="Team")*--(((Finals!$E$5:$E$28=$A5)+(Finals!$L$5:$L$28=$A5))>0)*--(Finals!$E$5:$E$28<>Finals!$L$5:$L$28))} -> 0 | G5: =E5*5 -> 0 | H5: =F5*3 -> 0 | I5: =D5+G5+H5 -> 18 | J5: =_xlfn.RANK.EQ(I5,$I$5:$I$10,0) -> 5
A6: Team 2 | B6: =COUNTIF('Shuffled Matches'!$L$3:$L$112,$A6) -> 19 | C6: =SUMIFS(Finals!$I$5:$I$28,Finals!$E$5:$E$28,$A6,Finals!$B$5:$B$28,"Quarterfinal*")+SUMIFS(Finals!$P$5:$P$28,Finals!$L$5:$L$28,$A6,Finals!$B$5:$B$28,"Quarterfinal*")+SUMIFS(Finals!$I$5:$I$28,Finals!$E$5:$E$28,$A6,Finals!$B$5:$B$28,"Semifinal*")+SUMIFS(Finals!$P$5:$P$28,Finals!$L$5:$L$28,$A6,Finals!$B$5:$B$28,"Semifinal*") -> 5 | D6: =B6+C6 -> 24 | E6: =COUNTIFS(Finals!$B$5:$B$28,"Final",Finals!$R$5:$R$28,$A6,Finals!$E$5:$E$28,"Team*",Finals!$L$5:$L$28,"Team*") -> 1 | F6: {=SUMPRODUCT((Finals!$B$5:$B$28="Final")*(LEFT(Finals!$R$5:$R$28,4)="Team")*(Finals!$R$5:$R$28<>$A6)*(LEFT(Finals!$E$5:$E$28,4)="Team")*(LEFT(Finals!$L$5:$L$28,4)="Team")*--(((Finals!$E$5:$E$28=$A6)+(Finals!$L$5:$L$28=$A6))>0)*--(Finals!$E$5:$E$28<>Finals!$L$5:$L$28))} -> 0 | G6: =E6*5 -> 5 | H6: =F6*3 -> 0 | I6: =D6+G6+H6 -> 29 | J6: =_xlfn.RANK.EQ(I6,$I$5:$I$10,0) -> 1
A7: Team 3 | B7: =COUNTIF('Shuffled Matches'!$L$3:$L$112,$A7) -> 21 | C7: =SUMIFS(Finals!$I$5:$I$28,Finals!$E$5:$E$28,$A7,Finals!$B$5:$B$28,"Quarterfinal*")+SUMIFS(Finals!$P$5:$P$28,Finals!$L$5:$L$28,$A7,Finals!$B$5:$B$28,"Quarterfinal*")+SUMIFS(Finals!$I$5:$I$28,Finals!$E$5:$E$28,$A7,Finals!$B$5:$B$28,"Semifinal*")+SUMIFS(Finals!$P$5:$P$28,Finals!$L$5:$L$28,$A7,Finals!$B$5:$B$28,"Semifinal*") -> 4 | D7: =B7+C7 -> 25 | E7: =COUNTIFS(Finals!$B$5:$B$28,"Final",Finals!$R$5:$R$28,$A7,Finals!$E$5:$E$28,"Team*",Finals!$L$5:$L$28,"Team*") -> 0 | F7: {=SUMPRODUCT((Finals!$B$5:$B$28="Final")*(LEFT(Finals!$R$5:$R$28,4)="Team")*(Finals!$R$5:$R$28<>$A7)*(LEFT(Finals!$E$5:$E$28,4)="Team")*(LEFT(Finals!$L$5:$L$28,4)="Team")*--(((Finals!$E$5:$E$28=$A7)+(Finals!$L$5:$L$28=$A7))>0)*--(Finals!$E$5:$E$28<>Finals!$L$5:$L$28))} -> 1 | G7: =E7*5 -> 0 | H7: =F7*3 -> 3 | I7: =D7+G7+H7 -> 28 | J7: =_xlfn.RANK.EQ(I7,$I$5:$I$10,0) -> 2
A8: Team 4 | B8: =COUNTIF('Shuffled Matches'!$L$3:$L$112,$A8) -> 19 | C8: =SUMIFS(Finals!$I$5:$I$28,Finals!$E$5:$E$28,$A8,Finals!$B$5:$B$28,"Quarterfinal*")+SUMIFS(Finals!$P$5:$P$28,Finals!$L$5:$L$28,$A8,Finals!$B$5:$B$28,"Quarterfinal*")+SUMIFS(Finals!$I$5:$I$28,Finals!$E$5:$E$28,$A8,Finals!$B$5:$B$28,"Semifinal*")+SUMIFS(Finals!$P$5:$P$28,Finals!$L$5:$L$28,$A8,Finals!$B$5:$B$28,"Semifinal*") -> 5 | D8: =B8+C8 -> 24 | E8: =COUNTIFS(Finals!$B$5:$B$28,"Final",Finals!$R$5:$R$28,$A8,Finals!$E$5:$E$28,"Team*",Finals!$L$5:$L$28,"Team*") -> 0 | F8: {=SUMPRODUCT((Finals!$B$5:$B$28="Final")*(LEFT(Finals!$R$5:$R$28,4)="Team")*(Finals!$R$5:$R$28<>$A8)*(LEFT(Finals!$E$5:$E$28,4)="Team")*(LEFT(Finals!$L$5:$L$28,4)="Team")*--(((Finals!$E$5:$E$28=$A8)+(Finals!$L$5:$L$28=$A8))>0)*--(Finals!$E$5:$E$28<>Finals!$L$5:$L$28))} -> 1 | G8: =E8*5 -> 0 | H8: =F8*3 -> 3 | I8: =D8+G8+H8 -> 27 | J8: =_xlfn.RANK.EQ(I8,$I$5:$I$10,0) -> 3
A9: Team 5 | B9: =COUNTIF('Shuffled Matches'!$L$3:$L$112,$A9) -> 10 | C9: =SUMIFS(Finals!$I$5:$I$28,Finals!$E$5:$E$28,$A9,Finals!$B$5:$B$28,"Quarterfinal*")+SUMIFS(Finals!$P$5:$P$28,Finals!$L$5:$L$28,$A9,Finals!$B$5:$B$28,"Quarterfinal*")+SUMIFS(Finals!$I$5:$I$28,Finals!$E$5:$E$28,$A9,Finals!$B$5:$B$28,"Semifinal*")+SUMIFS(Finals!$P$5:$P$28,Finals!$L$5:$L$28,$A9,Finals!$B$5:$B$28,"Semifinal*") -> 2 | D9: =B9+C9 -> 12 | E9: =COUNTIFS(Finals!$B$5:$B$28,"Final",Finals!$R$5:$R$28,$A9,Finals!$E$5:$E$28,"Team*",Finals!$L$5:$L$28,"Team*") -> 0 | F9: {=SUMPRODUCT((Finals!$B$5:$B$28="Final")*(LEFT(Finals!$R$5:$R$28,4)="Team")*(Finals!$R$5:$R$28<>$A9)*(LEFT(Finals!$E$5:$E$28,4)="Team")*(LEFT(Finals!$L$5:$L$28,4)="Team")*--(((Finals!$E$5:$E$28=$A9)+(Finals!$L$5:$L$28=$A9))>0)*--(Finals!$E$5:$E$28<>Finals!$L$5:$L$28))} -> 0 | G9: =E9*5 -> 0 | H9: =F9*3 -> 0 | I9: =D9+G9+H9 -> 12 | J9: =_xlfn.RANK.EQ(I9,$I$5:$I$10,0) -> 6
A10: Team 6 | B10: =COUNTIF('Shuffled Matches'!$L$3:$L$112,$A10) -> 17 | C10: =SUMIFS(Finals!$I$5:$I$28,Finals!$E$5:$E$28,$A10,Finals!$B$5:$B$28,"Quarterfinal*")+SUMIFS(Finals!$P$5:$P$28,Finals!$L$5:$L$28,$A10,Finals!$B$5:$B$28,"Quarterfinal*")+SUMIFS(Finals!$I$5:$I$28,Finals!$E$5:$E$28,$A10,Finals!$B$5:$B$28,"Semifinal*")+SUMIFS(Finals!$P$5:$P$28,Finals!$L$5:$L$28,$A10,Finals!$B$5:$B$28,"Semifinal*") -> 4 | D10: =B10+C10 -> 21 | E10: =COUNTIFS(Finals!$B$5:$B$28,"Final",Finals!$R$5:$R$28,$A10,Finals!$E$5:$E$28,"Team*",Finals!$L$5:$L$28,"Team*") -> 1 | F10: {=SUMPRODUCT((Finals!$B$5:$B$28="Final")*(LEFT(Finals!$R$5:$R$28,4)="Team")*(Finals!$R$5:$R$28<>$A10)*(LEFT(Finals!$E$5:$E$28,4)="Team")*(LEFT(Finals!$L$5:$L$28,4)="Team")*--(((Finals!$E$5:$E$28=$A10)+(Finals!$L$5:$L$28=$A10))>0)*--(Finals!$E$5:$E$28<>Finals!$L$5:$L$28))} -> 0 | G10: =E10*5 -> 5 | H10: =F10*3 -> 0 | I10: =D10+G10+H10 -> 26 | J10: =_xlfn.RANK.EQ(I10,$I$5:$I$10,0) -> 4
A11: Ranking is by Total Score; equal totals share the same rank.

Sheet Points Table
A1: Tournament Points Table
A2: Win = 2 points • Loss = 0 points • Tiebreak: score difference (points for minus points against); exact ties break by team number. Only recorded results count.
A4: Overall
A5: Team | B5: Wins | C5: Losses | D5: Points | E5: For | F5: Against | G5: Difference | H5: Rank
A6: Team 1 | B6: =COUNTIFS('Shuffled Matches'!$L$3:$L$107,$A6) -> 17 | C6: =COUNTIFS('Shuffled Matches'!$D$3:$D$107,$A6,'Shuffled Matches'!$L$3:$L$107,"Team*")+COUNTIFS('Shuffled Matches'!$E$3:$E$107,$A6,'Shuffled Matches'!$L$3:$L$107,"Team*")-B6 -> 17 | D6: =2*B6 -> 34 | E6: =SUMIFS('Shuffled Matches'!$N$3:$N$107,'Shuffled Matches'!$D$3:$D$107,$A6)+SUMIFS('Shuffled Matches'!$O$3:$O$107,'Shuffled Matches'!$E$3:$E$107,$A6) -> 585 | F6: =SUMIFS('Shuffled Matches'!$O$3:$O$107,'Shuffled Matches'!$D$3:$D$107,$A6)+SUMIFS('Shuffled Matches'!$N$3:$N$107,'Shuffled Matches'!$E$3:$E$107,$A6) -> 602 | G6: =E6-F6 -> -17 | H6: =1+COUNTIF($D$6:$D$11,">"&D6)+COUNTIFS($D$6:$D$11,D6,$G$6:$G$11,">"&G6)+COUNTIFS($D$6:$D$11,D6,$G$6:$G$11,G6,$A$6:$A$11,"<"&A6) -> 5
A7: Team 2 | B7: =COUNTIFS('Shuffled Matches'!$L$3:$L$107,$A7) -> 19 | C7: =COUNTIFS('Shuffled Matches'!$D$3:$D$107,$A7,'Shuffled Matches'!$L$3:$L$107,"Team*")+COUNTIFS('Shuffled Matches'!$E$3:$E$107,$A7,'Shuffled Matches'!$L$3:$L$107,"Team*")-B7 -> 15 | D7: =2*B7 -> 38 | E7: =SUMIFS('Shuffled Matches'!$N$3:$N$107,'Shuffled Matches'!$D$3:$D$107,$A7)+SUMIFS('Shuffled Matches'!$O$3:$O$107,'Shuffled Matches'!$E$3:$E$107,$A7) -> 539 | F7: =SUMIFS('Shuffled Matches'!$O$3:$O$107,'Shuffled Matches'!$D$3:$D$107,$A7)+SUMIFS('Shuffled Matches'!$N$3:$N$107,'Shuffled Matches'!$E$3:$E$107,$A7) -> 572 | G7: =E7-F7 -> -33 | H7: =1+COUNTIF($D$6:$D$11,">"&D7)+COUNTIFS($D$6:$D$11,D7,$G$6:$G$11,">"&G7)+COUNTIFS($D$6:$D$11,D7,$G$6:$G$11,G7,$A$6:$A$11,"<"&A7) -> 3
A8: Team 3 | B8: =COUNTIFS('Shuffled Matches'!$L$3:$L$107,$A8) -> 21 | C8: =COUNTIFS('Shuffled Matches'!$D$3:$D$107,$A8,'Shuffled Matches'!$L$3:$L$107,"Team*")+COUNTIFS('Shuffled Matches'!$E$3:$E$107,$A8,'Shuffled Matches'!$L$3:$L$107,"Team*")-B8 -> 14 | D8: =2*B8 -> 42 | E8: =SUMIFS('Shuffled Matches'!$N$3:$N$107,'Shuffled Matches'!$D$3:$D$107,$A8)+SUMIFS('Shuffled Matches'!$O$3:$O$107,'Shuffled Matches'!$E$3:$E$107,$A8) -> 643 | F8: =SUMIFS('Shuffled Matches'!$O$3:$O$107,'Shuffled Matches'!$D$3:$D$107,$A8)+SUMIFS('Shuffled Matches'!$N$3:$N$107,'Shuffled Matches'!$E$3:$E$107,$A8) -> 622 | G8: =E8-F8 -> 21 | H8: =1+COUNTIF($D$6:$D$11,">"&D8)+COUNTIFS($D$6:$D$11,D8,$G$6:$G$11,">"&G8)+COUNTIFS($D$6:$D$11,D8,$G$6:$G$11,G8,$A$6:$A$11,"<"&A8) -> 1
A9: Team 4 | B9: =COUNTIFS('Shuffled Matches'!$L$3:$L$107,$A9) -> 19 | C9: =COUNTIFS('Shuffled Matches'!$D$3:$D$107,$A9,'Shuffled Matches'!$L$3:$L$107,"Team*")+COUNTIFS('Shuffled Matches'!$E$3:$E$107,$A9,'Shuffled Matches'!$L$3:$L$107,"Team*")-B9 -> 16 | D9: =2*B9 -> 38 | E9: =SUMIFS('Shuffled Matches'!$N$3:$N$107,'Shuffled Matches'!$D$3:$D$107,$A9)+SUMIFS('Shuffled Matches'!$O$3:$O$107,'Shuffled Matches'!$E$3:$E$107,$A9) -> 655 | F9: =SUMIFS('Shuffled Matches'!$O$3:$O$107,'Shuffled Matches'!$D$3:$D$107,$A9)+SUMIFS('Shuffled Matches'!$N$3:$N$107,'Shuffled Matches'!$E$3:$E$107,$A9) -> 542 | G9: =E9-F9 -> 113 | H9: =1+COUNTIF($D$6:$D$11,">"&D9)+COUNTIFS($D$6:$D$11,D9,$G$6:$G$11,">"&G9)+COUNTIFS($D$6:$D$11,D9,$G$6:$G$11,G9,$A$6:$A$11,"<"&A9) -> 2
A10: Team 5 | B10: =COUNTIFS('Shuffled Matches'!$L$3:$L$107,$A10) -> 10 | C10: =COUNTIFS('Shuffled Matches'!$D$3:$D$107,$A10,'Shuffled Matches'!$L$3:$L$107,"Team*")+COUNTIFS('Shuffled Matches'!$E$3:$E$107,$A10,'Shuffled Matches'!$L$3:$L$107,"Team*")-B10 -> 25 | D10: =2*B10 -> 20 | E10: =SUMIFS('Shuffled Matches'!$N$3:$N$107,'Shuffled Matches'!$D$3:$D$107,$A10)+SUMIFS('Shuffled Matches'!$O$3:$O$107,'Shuffled Matches'!$E$3:$E$107,$A10) -> 512 | F10: =SUMIFS('Shuffled Matches'!$O$3:$O$107,'Shuffled Matches'!$D$3:$D$107,$A10)+SUMIFS('Shuffled Matches'!$N$3:$N$107,'Shuffled Matches'!$E$3:$E$107,$A10) -> 635 | G10: =E10-F10 -> -123 | H10: =1+COUNTIF($D$6:$D$11,">"&D10)+COUNTIFS($D$6:$D$11,D10,$G$6:$G$11,">"&G10)+COUNTIFS($D$6:$D$11,D10,$G$6:$G$11,G10,$A$6:$A$11,"<"&A10) -> 6
A11: Team 6 | B11: =COUNTIFS('Shuffled Matches'!$L$3:$L$107,$A11) -> 17 | C11: =COUNTIFS('Shuffled Matches'!$D$3:$D$107,$A11,'Shuffled Matches'!$L$3:$L$107,"Team*")+COUNTIFS('Shuffled Matches'!$E$3:$E$107,$A11,'Shuffled Matches'!$L$3:$L$107,"Team*")-B11 -> 16 | D11: =2*B11 -> 34 | E11: =SUMIFS('Shuffled Matches'!$N$3:$N$107,'Shuffled Matches'!$D$3:$D$107,$A11)+SUMIFS('Shuffled Matches'!$O$3:$O$107,'Shuffled Matches'!$E$3:$E$107,$A11) -> 580 | F11: =SUMIFS('Shuffled Matches'!$O$3:$O$107,'Shuffled Matches'!$D$3:$D$107,$A11)+SUMIFS('Shuffled Matches'!$N$3:$N$107,'Shuffled Matches'!$E$3:$E$107,$A11) -> 541 | G11: =E11-F11 -> 39 | H11: =1+COUNTIF($D$6:$D$11,">"&D11)+COUNTIFS($D$6:$D$11,D11,$G$6:$G$11,">"&G11)+COUNTIFS($D$6:$D$11,D11,$G$6:$G$11,G11,$A$6:$A$11,"<"&A11) -> 4
A14: Women's Singles
A15: Team | B15: Wins | C15: Losses | D15: Points | E15: For | F15: Against | G15: Difference | H15: Rank
A16: Team 1 | B16: =COUNTIFS('Shuffled Matches'!$L$3:$L$107,$A16,'Shuffled Matches'!$G$3:$G$107,"Women's Singles") -> 2 | C16: =COUNTIFS('Shuffled Matches'!$D$3:$D$107,$A16,'Shuffled Matches'!$L$3:$L$107,"Team*",'Shuffled Matches'!$G$3:$G$107,"Women's Singles")+COUNTIFS('Shuffled Matches'!$E$3:$E$107,$A16,'Shuffled Matches'!$L$3:$L$107,"Team*",'Shuffled Matches'!$G$3:$G$107,"Women's Singles")-B16 -> 3 | D16: =2*B16 -> 4 | E16: =SUMIFS('Shuffled Matches'!$N$3:$N$107,'Shuffled Matches'!$D$3:$D$107,$A16,'Shuffled Matches'!$G$3:$G$107,"Women's Singles")+SUMIFS('Shuffled Matches'!$O$3:$O$107,'Shuffled Matches'!$E$3:$E$107,$A16,'Shuffled Matches'!$G$3:$G$107,"Women's Singles") -> 75 | F16: =SUMIFS('Shuffled Matches'!$O$3:$O$107,'Shuffled Matches'!$D$3:$D$107,$A16,'Shuffled Matches'!$G$3:$G$107,"Women's Singles")+SUMIFS('Shuffled Matches'!$N$3:$N$107,'Shuffled Matches'!$E$3:$E$107,$A16,'Shuffled Matches'!$G$3:$G$107,"Women's Singles") -> 97 | G16: =E16-F16 -> -22 | H16: =1+COUNTIF($D$16:$D$21,">"&D16)+COUNTIFS($D$16:$D$21,D16,$G$16:$G$21,">"&G16)+COUNTIFS($D$16:$D$21,D16,$G$16:$G$21,G16,$A$16:$A$21,"<"&A16) -> 5
A17: Team 2 | B17: =COUNTIFS('Shuffled Matches'!$L$3:$L$107,$A17,'Shuffled Matches'!$G$3:$G$107,"Women's Singles") -> 4 | C17: =COUNTIFS('Shuffled Matches'!$D$3:$D$107,$A17,'Shuffled Matches'!$L$3:$L$107,"Team*",'Shuffled Matches'!$G$3:$G$107,"Women's Singles")+COUNTIFS('Shuffled Matches'!$E$3:$E$107,$A17,'Shuffled Matches'!$L$3:$L$107,"Team*",'Shuffled Matches'!$G$3:$G$107,"Women's Singles")-B17 -> 1 | D17: =2*B17 -> 8 | E17: =SUMIFS('Shuffled Matches'!$N$3:$N$107,'Shuffled Matches'!$D$3:$D$107,$A17,'Shuffled Matches'!$G$3:$G$107,"Women's Singles")+SUMIFS('Shuffled Matches'!$O$3:$O$107,'Shuffled Matches'!$E$3:$E$107,$A17,'Shuffled Matches'!$G$3:$G$107,"Women's Singles") -> 90 | F17: =SUMIFS('Shuffled Matches'!$O$3:$O$107,'Shuffled Matches'!$D$3:$D$107,$A17,'Shuffled Matches'!$G$3:$G$107,"Women's Singles")+SUMIFS('Shuffled Matches'!$N$3:$N$107,'Shuffled Matches'!$E$3:$E$107,$A17,'Shuffled Matches'!$G$3:$G$107,"Women's Singles") -> 82 | G17: =E17-F17 -> 8 | H17: =1+COUNTIF($D$16:$D$21,">"&D17)+COUNTIFS($D$16:$D$21,D17,$G$16:$G$21,">"&G17)+COUNTIFS($D$16:$D$21,D17,$G$16:$G$21,G17,$A$16:$A$21,"<"&A17) -> 2
A18: Team 3 | B18: =COUNTIFS('Shuffled Matches'!$L$3:$L$107,$A18,'Shuffled Matches'!$G$3:$G$107,"Women's Singles") -> 2 | C18: =COUNTIFS('Shuffled Matches'!$D$3:$D$107,$A18,'Shuffled Matches'!$L$3:$L$107,"Team*",'Shuffled Matches'!$G$3:$G$107,"Women's Singles")+COUNTIFS('Shuffled Matches'!$E$3:$E$107,$A18,'Shuffled Matches'!$L$3:$L$107,"Team*",'Shuffled Matches'!$G$3:$G$107,"Women's Singles")-B18 -> 3 | D18: =2*B18 -> 4 | E18: =SUMIFS('Shuffled Matches'!$N$3:$N$107,'Shuffled Matches'!$D$3:$D$107,$A18,'Shuffled Matches'!$G$3:$G$107,"Women's Singles")+SUMIFS('Shuffled Matches'!$O$3:$O$107,'Shuffled Matches'!$E$3:$E$107,$A18,'Shuffled Matches'!$G$3:$G$107,"Women's Singles") -> 86 | F18: =SUMIFS('Shuffled Matches'!$O$3:$O$107,'Shuffled Matches'!$D$3:$D$107,$A18,'Shuffled Matches'!$G$3:$G$107,"Women's Singles")+SUMIFS('Shuffled Matches'!$N$3:$N$107,'Shuffled Matches'!$E$3:$E$107,$A18,'Shuffled Matches'!$G$3:$G$107,"Women's Singles") -> 94 | G18: =E18-F18 -> -8 | H18: =1+COUNTIF($D$16:$D$21,">"&D18)+COUNTIFS($D$16:$D$21,D18,$G$16:$G$21,">"&G18)+COUNTIFS($D$16:$D$21,D18,$G$16:$G$21,G18,$A$16:$A$21,"<"&A18) -> 4
A19: Team 4 | B19: =COUNTIFS('Shuffled Matches'!$L$3:$L$107,$A19,'Shuffled Matches'!$G$3:$G$107,"Women's Singles") -> 2 | C19: =COUNTIFS('Shuffled Matches'!$D$3:$D$107,$A19,'Shuffled Matches'!$L$3:$L$107,"Team*",'Shuffled Matches'!$G$3:$G$107,"Women's Singles")+COUNTIFS('Shuffled Matches'!$E$3:$E$107,$A19,'Shuffled Matches'!$L$3:$L$107,"Team*",'Shuffled Matches'!$G$3:$G$107,"Women's Singles")-B19 -> 3 | D19: =2*B19 -> 4 | E19: =SUMIFS('Shuffled Matches'!$N$3:$N$107,'Shuffled Matches'!$D$3:$D$107,$A19,'Shuffled Matches'!$G$3:$G$107,"Women's Singles")+SUMIFS('Shuffled Matches'!$O$3:$O$107,'Shuffled Matches'!$E$3:$E$107,$A19,'Shuffled Matches'!$G$3:$G$107,"Women's Singles") -> 97 | F19: =SUMIFS('Shuffled Matches'!$O$3:$O$107,'Shuffled Matches'!$D$3:$D$107,$A19,'Shuffled Matches'!$G$3:$G$107,"Women's Singles")+SUMIFS('Shuffled Matches'!$N$3:$N$107,'Shuffled Matches'!$E$3:$E$107,$A19,'Shuffled Matches'!$G$3:$G$107,"Women's Singles") -> 83 | G19: =E19-F19 -> 14 | H19: =1+COUNTIF($D$16:$D$21,">"&D19)+COUNTIFS($D$16:$D$21,D19,$G$16:$G$21,">"&G19)+COUNTIFS($D$16:$D$21,D19,$G$16:$G$21,G19,$A$16:$A$21,"<"&A19) -> 3
A20: Team 5 | B20: =COUNTIFS('Shuffled Matches'!$L$3:$L$107,$A20,'Shuffled Matches'!$G$3:$G$107,"Women's Singles") -> 0 | C20: =COUNTIFS('Shuffled Matches'!$D$3:$D$107,$A20,'Shuffled Matches'!$L$3:$L$107,"Team*",'Shuffled Matches'!$G$3:$G$107,"Women's Singles")+COUNTIFS('Shuffled Matches'!$E$3:$E$107,$A20,'Shuffled Matches'!$L$3:$L$107,"Team*",'Shuffled Matches'!$G$3:$G$107,"Women's Singles")-B20 -> 5 | D20: =2*B20 -> 0 | E20: =SUMIFS('Shuffled Matches'!$N$3:$N$107,'Shuffled Matches'!$D$3:$D$107,$A20,'Shuffled Matches'!$G$3:$G$107,"Women's Singles")+SUMIFS('Shuffled Matches'!$O$3:$O$107,'Shuffled Matches'!$E$3:$E$107,$A20,'Shuffled Matches'!$G$3:$G$107,"Women's Singles") -> 62 | F20: =SUMIFS('Shuffled Matches'!$O$3:$O$107,'Shuffled Matches'!$D$3:$D$107,$A20,'Shuffled Matches'!$G$3:$G$107,"Women's Singles")+SUMIFS('Shuffled Matches'!$N$3:$N$107,'Shuffled Matches'!$E$3:$E$107,$A20,'Shuffled Matches'!$G$3:$G$107,"Women's Singles") -> 105 | G20: =E20-F20 -> -43 | H20: =1+COUNTIF($D$16:$D$21,">"&D20)+COUNTIFS($D$16:$D$21,D20,$G$16:$G$21,">"&G20)+COUNTIFS($D$16:$D$21,D20,$G$16:$G$21,G20,$A$16:$A$21,"<"&A20) -> 6
A21: Team 6 | B21: =COUNTIFS('Shuffled Matches'!$L$3:$L$107,$A21,'Shuffled Matches'!$G$3:$G$107,"Women's Singles") -> 5 | C21: =COUNTIFS('Shuffled Matches'!$D$3:$D$107,$A21,'Shuffled Matches'!$L$3:$L$107,"Team*",'Shuffled Matches'!$G$3:$G$107,"Women's Singles")+COUNTIFS('Shuffled Matches'!$E$3:$E$107,$A21,'Shuffled Matches'!$L$3:$L$107,"Team*",'Shuffled Matches'!$G$3:$G$107,"Women's Singles")-B21 -> 0 | D21: =2*B21 -> 10 | E21: =SUMIFS('Shuffled Matches'!$N$3:$N$107,'Shuffled Matches'!$D$3:$D$107,$A21,'Shuffled Matches'!$G$3:$G$107,"Women's Singles")+SUMIFS('Shuffled Matches'!$O$3:$O$107,'Shuffled Matches'!$E$3:$E$107,$A21,'Shuffled Matches'!$G$3:$G$107,"Women's Singles") -> 105 | F21: =SUMIFS('Shuffled Matches'!$O$3:$O$107,'Shuffled Matches'!$D$3:$D$107,$A21,'Shuffled Matches'!$G$3:$G$107,"Women's Singles")+SUMIFS('Shuffled Matches'!$N$3:$N$107,'Shuffled Matches'!$E$3:$E$107,$A21,'Shuffled Matches'!$G$3:$G$107,"Women's Singles") -> 54 | G21: =E21-F21 -> 51 | H21: =1+COUNTIF($D$16:$D$21,">"&D21)+COUNTIFS($D$16:$D$21,D21,$G$16:$G$21,">"&G21)+COUNTIFS($D$16:$D$21,D21,$G$16:$G$21,G21,$A$16:$A$21,"<"&A21) -> 1
A24: Women's Doubles
A25: Team | B25: Wins | C25: Losses | D25: Points | E25: For | F25: Against | G25: Difference | H25: Rank
A26: Team 1 | B26: =COUNTIFS('Shuffled Matches'!$L$3:$L$107,$A26,'Shuffled Matches'!$G$3:$G$107,"Women's Doubles") -> 5 | C26: =COUNTIFS('Shuffled Matches'!$D$3:$D$107,$A26,'Shuffled Matches'!$L$3:$L$107,"Team*",'Shuffled Matches'!$G$3:$G$107,"Women's Doubles")+COUNTIFS('Shuffled Matches'!$E$3:$E$107,$A26,'Shuffled Matches'!$L$3:$L$107,"Team*",'Shuffled Matches'!$G$3:$G$107,"Women's Doubles")-B26 -> 0 | D26: =2*B26 -> 10 | E26: =SUMIFS('Shuffled Matches'!$N$3:$N$107,'Shuffled Matches'!$D$3:$D$107,$A26,'Shuffled Matches'!$G$3:$G$107,"Women's Doubles")+SUMIFS('Shuffled Matches'!$O$3:$O$107,'Shuffled Matches'!$E$3:$E$107,$A26,'Shuffled Matches'!$G$3:$G$107,"Women's Doubles") -> 105 | F26: =SUMIFS('Shuffled Matches'!$O$3:$O$107,'Shuffled Matches'!$D$3:$D$107,$A26,'Shuffled Matches'!$G$3:$G$107,"Women's Doubles")+SUMIFS('Shuffled Matches'!$N$3:$N$107,'Shuffled Matches'!$E$3:$E$107,$A26,'Shuffled Matches'!$G$3:$G$107,"Women's Doubles") -> 76 | G26: =E26-F26 -> 29 | H26: =1+COUNTIF($D$26:$D$31,">"&D26)+COUNTIFS($D$26:$D$31,D26,$G$26:$G$31,">"&G26)+COUNTIFS($D$26:$D$31,D26,$G$26:$G$31,G26,$A$26:$A$31,"<"&A26) -> 1
A27: Team 2 | B27: =COUNTIFS('Shuffled Matches'!$L$3:$L$107,$A27,'Shuffled Matches'!$G$3:$G$107,"Women's Doubles") -> 3 | C27: =COUNTIFS('Shuffled Matches'!$D$3:$D$107,$A27,'Shuffled Matches'!$L$3:$L$107,"Team*",'Shuffled Matches'!$G$3:$G$107,"Women's Doubles")+COUNTIFS('Shuffled Matches'!$E$3:$E$107,$A27,'Shuffled Matches'!$L$3:$L$107,"Team*",'Shuffled Matches'!$G$3:$G$107,"Women's Doubles")-B27 -> 1 | D27: =2*B27 -> 6 | E27: =SUMIFS('Shuffled Matches'!$N$3:$N$107,'Shuffled Matches'!$D$3:$D$107,$A27,'Shuffled Matches'!$G$3:$G$107,"Women's Doubles")+SUMIFS('Shuffled Matches'!$O$3:$O$107,'Shuffled Matches'!$E$3:$E$107,$A27,'Shuffled Matches'!$G$3:$G$107,"Women's Doubles") -> 81 | F27: =SUMIFS('Shuffled Matches'!$O$3:$O$107,'Shuffled Matches'!$D$3:$D$107,$A27,'Shuffled Matches'!$G$3:$G$107,"Women's Doubles")+SUMIFS('Shuffled Matches'!$N$3:$N$107,'Shuffled Matches'!$E$3:$E$107,$A27,'Shuffled Matches'!$G$3:$G$107,"Women's Doubles") -> 65 | G27: =E27-F27 -> 16 | H27: =1+COUNTIF($D$26:$D$31,">"&D27)+COUNTIFS($D$26:$D$31,D27,$G$26:$G$31,">"&G27)+COUNTIFS($D$26:$D$31,D27,$G$26:$G$31,G27,$A$26:$A$31,"<"&A27) -> 3
A28: Team 3 | B28: =COUNTIFS('Shuffled Matches'!$L$3:$L$107,$A28,'Shuffled Matches'!$G$3:$G$107,"Women's Doubles") -> 1 | C28: =COUNTIFS('Shuffled Matches'!$D$3:$D$107,$A28,'Shuffled Matches'!$L$3:$L$107,"Team*",'Shuffled Matches'!$G$3:$G$107,"Women's Doubles")+COUNTIFS('Shuffled Matches'!$E$3:$E$107,$A28,'Shuffled Matches'!$L$3:$L$107,"Team*",'Shuffled Matches'!$G$3:$G$107,"Women's Doubles")-B28 -> 4 | D28: =2*B28 -> 2 | E28: =SUMIFS('Shuffled Matches'!$N$3:$N$107,'Shuffled Matches'!$D$3:$D$107,$A28,'Shuffled Matches'!$G$3:$G$107,"Women's Doubles")+SUMIFS('Shuffled Matches'!$O$3:$O$107,'Shuffled Matches'!$E$3:$E$107,$A28,'Shuffled Matches'!$G$3:$G$107,"Women's Doubles") -> 75 | F28: =SUMIFS('Shuffled Matches'!$O$3:$O$107,'Shuffled Matches'!$D$3:$D$107,$A28,'Shuffled Matches'!$G$3:$G$107,"Women's Doubles")+SUMIFS('Shuffled Matches'!$N$3:$N$107,'Shuffled Matches'!$E$3:$E$107,$A28,'Shuffled Matches'!$G$3:$G$107,"Women's Doubles") -> 99 | G28: =E28-F28 -> -24 | H28: =1+COUNTIF($D$26:$D$31,">"&D28)+COUNTIFS($D$26:$D$31,D28,$G$26:$G$31,">"&G28)+COUNTIFS($D$26:$D$31,D28,$G$26:$G$31,G28,$A$26:$A$31,"<"&A28) -> 5
A29: Team 4 | B29: =COUNTIFS('Shuffled Matches'!$L$3:$L$107,$A29,'Shuffled Matches'!$G$3:$G$107,"Women's Doubles") -> 3 | C29: =COUNTIFS('Shuffled Matches'!$D$3:$D$107,$A29,'Shuffled Matches'!$L$3:$L$107,"Team*",'Shuffled Matches'!$G$3:$G$107,"Women's Doubles")+COUNTIFS('Shuffled Matches'!$E$3:$E$107,$A29,'Shuffled Matches'!$L$3:$L$107,"Team*",'Shuffled Matches'!$G$3:$G$107,"Women's Doubles")-B29 -> 2 | D29: =2*B29 -> 6 | E29: =SUMIFS('Shuffled Matches'!$N$3:$N$107,'Shuffled Matches'!$D$3:$D$107,$A29,'Shuffled Matches'!$G$3:$G$107,"Women's Doubles")+SUMIFS('Shuffled Matches'!$O$3:$O$107,'Shuffled Matches'!$E$3:$E$107,$A29,'Shuffled Matches'!$G$3:$G$107,"Women's Doubles") -> 96 | F29: =SUMIFS('Shuffled Matches'!$O$3:$O$107,'Shuffled Matches'!$D$3:$D$107,$A29,'Shuffled Matches'!$G$3:$G$107,"Women's Doubles")+SUMIFS('Shuffled Matches'!$N$3:$N$107,'Shuffled Matches'!$E$3:$E$107,$A29,'Shuffled Matches'!$G$3:$G$107,"Women's Doubles") -> 78 | G29: =E29-F29 -> 18 | H29: =1+COUNTIF($D$26:$D$31,">"&D29)+COUNTIFS($D$26:$D$31,D29,$G$26:$G$31,">"&G29)+COUNTIFS($D$26:$D$31,D29,$G$26:$G$31,G29,$A$26:$A$31,"<"&A29) -> 2
A30: Team 5 | B30: =COUNTIFS('Shuffled Matches'!$L$3:$L$107,$A30,'Shuffled Matches'!$G$3:$G$107,"Women's Doubles") -> 0 | C30: =COUNTIFS('Shuffled Matches'!$D$3:$D$107,$A30,'Shuffled Matches'!$L$3:$L$107,"Team*",'Shuffled Matches'!$G$3:$G$107,"Women's Doubles")+COUNTIFS('Shuffled Matches'!$E$3:$E$107,$A30,'Shuffled Matches'!$L$3:$L$107,"Team*",'Shuffled Matches'!$G$3:$G$107,"Women's Doubles")-B30 -> 5 | D30: =2*B30 -> 0 | E30: =SUMIFS('Shuffled Matches'!$N$3:$N$107,'Shuffled Matches'!$D$3:$D$107,$A30,'Shuffled Matches'!$G$3:$G$107,"Women's Doubles")+SUMIFS('Shuffled Matches'!$O$3:$O$107,'Shuffled Matches'!$E$3:$E$107,$A30,'Shuffled Matches'!$G$3:$G$107,"Women's Doubles") -> 62 | F30: =SUMIFS('Shuffled Matches'!$O$3:$O$107,'Shuffled Matches'!$D$3:$D$107,$A30,'Shuffled Matches'!$G$3:$G$107,"Women's Doubles")+SUMIFS('Shuffled Matches'!$N$3:$N$107,'Shuffled Matches'!$E$3:$E$107,$A30,'Shuffled Matches'!$G$3:$G$107,"Women's Doubles") -> 105 | G30: =E30-F30 -> -43 | H30: =1+COUNTIF($D$26:$D$31,">"&D30)+COUNTIFS($D$26:$D$31,D30,$G$26:$G$31,">"&G30)+COUNTIFS($D$26:$D$31,D30,$G$26:$G$31,G30,$A$26:$A$31,"<"&A30) -> 6
A31: Team 6 | B31: =COUNTIFS('Shuffled Matches'!$L$3:$L$107,$A31,'Shuffled Matches'!$G$3:$G$107,"Women's Doubles") -> 2 | C31: =COUNTIFS('Shuffled Matches'!$D$3:$D$107,$A31,'Shuffled Matches'!$L$3:$L$107,"Team*",'Shuffled Matches'!$G$3:$G$107,"Women's Doubles")+COUNTIFS('Shuffled Matches'!$E$3:$E$107,$A31,'Shuffled Matches'!$L$3:$L$107,"Team*",'Shuffled Matches'!$G$3:$G$107,"Women's Doubles")-B31 -> 2 | D31: =2*B31 -> 4 | E31: =SUMIFS('Shuffled Matches'!$N$3:$N$107,'Shuffled Matches'!$D$3:$D$107,$A31,'Shuffled Matches'!$G$3:$G$107,"Women's Doubles")+SUMIFS('Shuffled Matches'!$O$3:$O$107,'Shuffled Matches'!$E$3:$E$107,$A31,'Shuffled Matches'!$G$3:$G$107,"Women's Doubles") -> 71 | F31: =SUMIFS('Shuffled Matches'!$O$3:$O$107,'Shuffled Matches'!$D$3:$D$107,$A31,'Shuffled Matches'!$G$3:$G$107,"Women's Doubles")+SUMIFS('Shuffled Matches'!$N$3:$N$107,'Shuffled Matches'!$E$3:$E$107,$A31,'Shuffled Matches'!$G$3:$G$107,"Women's Doubles") -> 67 | G31: =E31-F31 -> 4 | H31: =1+COUNTIF($D$26:$D$31,">"&D31)+COUNTIFS($D$26:$D$31,D31,$G$26:$G$31,">"&G31)+COUNTIFS($D$26:$D$31,D31,$G$26:$G$31,G31,$A$26:$A$31,"<"&A31) -> 4
A34: Mixed Doubles
A35: Team | B35: Wins | C35: Losses | D35: Points | E35: For | F35: Against | G35: Difference | H35: Rank
A36: Team 1 | B36: =COUNTIFS('Shuffled Matches'!$L$3:$L$107,$A36,'Shuffled Matches'!$G$3:$G$107,"Mixed Doubles") -> 2 | C36: =COUNTIFS('Shuffled Matches'!$D$3:$D$107,$A36,'Shuffled Matches'!$L$3:$L$107,"Team*",'Shuffled Matches'!$G$3:$G$107,"Mixed Doubles")+COUNTIFS('Shuffled Matches'!$E$3:$E$107,$A36,'Shuffled Matches'!$L$3:$L$107,"Team*",'Shuffled Matches'!$G$3:$G$107,"Mixed Doubles")-B36 -> 3 | D36: =2*B36 -> 4 | E36: =SUMIFS('Shuffled Matches'!$N$3:$N$107,'Shuffled Matches'!$D$3:$D$107,$A36,'Shuffled Matches'!$G$3:$G$107,"Mixed Doubles")+SUMIFS('Shuffled Matches'!$O$3:$O$107,'Shuffled Matches'!$E$3:$E$107,$A36,'Shuffled Matches'!$G$3:$G$107,"Mixed Doubles") -> 86 | F36: =SUMIFS('Shuffled Matches'!$O$3:$O$107,'Shuffled Matches'!$D$3:$D$107,$A36,'Shuffled Matches'!$G$3:$G$107,"Mixed Doubles")+SUMIFS('Shuffled Matches'!$N$3:$N$107,'Shuffled Matches'!$E$3:$E$107,$A36,'Shuffled Matches'!$G$3:$G$107,"Mixed Doubles") -> 87 | G36: =E36-F36 -> -1 | H36: =1+COUNTIF($D$36:$D$41,">"&D36)+COUNTIFS($D$36:$D$41,D36,$G$36:$G$41,">"&G36)+COUNTIFS($D$36:$D$41,D36,$G$36:$G$41,G36,$A$36:$A$41,"<"&A36) -> 3
A37: Team 2 | B37: =COUNTIFS('Shuffled Matches'!$L$3:$L$107,$A37,'Shuffled Matches'!$G$3:$G$107,"Mixed Doubles") -> 4 | C37: =COUNTIFS('Shuffled Matches'!$D$3:$D$107,$A37,'Shuffled Matches'!$L$3:$L$107,"Team*",'Shuffled Matches'!$G$3:$G$107,"Mixed Doubles")+COUNTIFS('Shuffled Matches'!$E$3:$E$107,$A37,'Shuffled Matches'!$L$3:$L$107,"Team*",'Shuffled Matches'!$G$3:$G$107,"Mixed Doubles")-B37 -> 1 | D37: =2*B37 -> 8 | E37: =SUMIFS('Shuffled Matches'!$N$3:$N$107,'Shuffled Matches'!$D$3:$D$107,$A37,'Shuffled Matches'!$G$3:$G$107,"Mixed Doubles")+SUMIFS('Shuffled Matches'!$O$3:$O$107,'Shuffled Matches'!$E$3:$E$107,$A37,'Shuffled Matches'!$G$3:$G$107,"Mixed Doubles") -> 100 | F37: =SUMIFS('Shuffled Matches'!$O$3:$O$107,'Shuffled Matches'!$D$3:$D$107,$A37,'Shuffled Matches'!$G$3:$G$107,"Mixed Doubles")+SUMIFS('Shuffled Matches'!$N$3:$N$107,'Shuffled Matches'!$E$3:$E$107,$A37,'Shuffled Matches'!$G$3:$G$107,"Mixed Doubles") -> 71 | G37: =E37-F37 -> 29 | H37: =1+COUNTIF($D$36:$D$41,">"&D37)+COUNTIFS($D$36:$D$41,D37,$G$36:$G$41,">"&G37)+COUNTIFS($D$36:$D$41,D37,$G$36:$G$41,G37,$A$36:$A$41,"<"&A37) -> 2
A38: Team 3 | B38: =COUNTIFS('Shuffled Matches'!$L$3:$L$107,$A38,'Shuffled Matches'!$G$3:$G$107,"Mixed Doubles") -> 5 | C38: =COUNTIFS('Shuffled Matches'!$D$3:$D$107,$A38,'Shuffled Matches'!$L$3:$L$107,"Team*",'Shuffled Matches'!$G$3:$G$107,"Mixed Doubles")+COUNTIFS('Shuffled Matches'!$E$3:$E$107,$A38,'Shuffled Matches'!$L$3:$L$107,"Team*",'Shuffled Matches'!$G$3:$G$107,"Mixed Doubles")-B38 -> 0 | D38: =2*B38 -> 10 | E38: =SUMIFS('Shuffled Matches'!$N$3:$N$107,'Shuffled Matches'!$D$3:$D$107,$A38,'Shuffled Matches'!$G$3:$G$107,"Mixed Doubles")+SUMIFS('Shuffled Matches'!$O$3:$O$107,'Shuffled Matches'!$E$3:$E$107,$A38,'Shuffled Matches'!$G$3:$G$107,"Mixed Doubles") -> 105 | F38: =SUMIFS('Shuffled Matches'!$O$3:$O$107,'Shuffled Matches'!$D$3:$D$107,$A38,'Shuffled Matches'!$G$3:$G$107,"Mixed Doubles")+SUMIFS('Shuffled Matches'!$N$3:$N$107,'Shuffled Matches'!$E$3:$E$107,$A38,'Shuffled Matches'!$G$3:$G$107,"Mixed Doubles") -> 75 | G38: =E38-F38 -> 30 | H38: =1+COUNTIF($D$36:$D$41,">"&D38)+COUNTIFS($D$36:$D$41,D38,$G$36:$G$41,">"&G38)+COUNTIFS($D$36:$D$41,D38,$G$36:$G$41,G38,$A$36:$A$41,"<"&A38) -> 1
A39: Team 4 | B39: =COUNTIFS('Shuffled Matches'!$L$3:$L$107,$A39,'Shuffled Matches'!$G$3:$G$107,"Mixed Doubles") -> 2 | C39: =COUNTIFS('Shuffled Matches'!$D$3:$D$107,$A39,'Shuffled Matches'!$L$3:$L$107,"Team*",'Shuffled Matches'!$G$3:$G$107,"Mixed Doubles")+COUNTIFS('Shuffled Matches'!$E$3:$E$107,$A39,'Shuffled Matches'!$L$3:$L$107,"Team*",'Shuffled Matches'!$G$3:$G$107,"Mixed Doubles")-B39 -> 3 | D39: =2*B39 -> 4 | E39: =SUMIFS('Shuffled Matches'!$N$3:$N$107,'Shuffled Matches'!$D$3:$D$107,$A39,'Shuffled Matches'!$G$3:$G$107,"Mixed Doubles")+SUMIFS('Shuffled Matches'!$O$3:$O$107,'Shuffled Matches'!$E$3:$E$107,$A39,'Shuffled Matches'!$G$3:$G$107,"Mixed Doubles") -> 90 | F39: =SUMIFS('Shuffled Matches'!$O$3:$O$107,'Shuffled Matches'!$D$3:$D$107,$A39,'Shuffled Matches'!$G$3:$G$107,"Mixed Doubles")+SUMIFS('Shuffled Matches'!$N$3:$N$107,'Shuffled Matches'!$E$3:$E$107,$A39,'Shuffled Matches'!$G$3:$G$107,"Mixed Doubles") -> 94 | G39: =E39-F39 -> -4 | H39: =1+COUNTIF($D$36:$D$41,">"&D39)+COUNTIFS($D$36:$D$41,D39,$G$36:$G$41,">"&G39)+COUNTIFS($D$36:$D$41,D39,$G$36:$G$41,G39,$A$36:$A$41,"<"&A39) -> 4
A40: Team 5 | B40: =COUNTIFS('Shuffled Matches'!$L$3:$L$107,$A40,'Shuffled Matches'!$G$3:$G$107,"Mixed Doubles") -> 2 | C40: =COUNTIFS('Shuffled Matches'!$D$3:$D$107,$A40,'Shuffled Matches'!$L$3:$L$107,"Team*",'Shuffled Matches'!$G$3:$G$107,"Mixed Doubles")+COUNTIFS('Shuffled Matches'!$E$3:$E$107,$A40,'Shuffled Matches'!$L$3:$L$107,"Team*",'Shuffled Matches'!$G$3:$G$107,"Mixed Doubles")-B40 -> 3 | D40: =2*B40 -> 4 | E40: =SUMIFS('Shuffled Matches'!$N$3:$N$107,'Shuffled Matches'!$D$3:$D$107,$A40,'Shuffled Matches'!$G$3:$G$107,"Mixed Doubles")+SUMIFS('Shuffled Matches'!$O$3:$O$107,'Shuffled Matches'!$E$3:$E$107,$A40,'Shuffled Matches'!$G$3:$G$107,"Mixed Doubles") -> 84 | F40: =SUMIFS('Shuffled Matches'!$O$3:$O$107,'Shuffled Matches'!$D$3:$D$107,$A40,'Shuffled Matches'!$G$3:$G$107,"Mixed Doubles")+SUMIFS('Shuffled Matches'!$N$3:$N$107,'Shuffled Matches'!$E$3:$E$107,$A40,'Shuffled Matches'!$G$3:$G$107,"Mixed Doubles") -> 94 | G40: =E40-F40 -> -10 | H40: =1+COUNTIF($D$36:$D$41,">"&D40)+COUNTIFS($D$36:$D$41,D40,$G$36:$G$41,">"&G40)+COUNTIFS($D$36:$D$41,D40,$G$36:$G$41,G40,$A$36:$A$41,"<"&A40) -> 5
A41: Team 6 | B41: =COUNTIFS('Shuffled Matches'!$L$3:$L$107,$A41,'Shuffled Matches'!$G$3:$G$107,"Mixed Doubles") -> 0 | C41: =COUNTIFS('Shuffled Matches'!$D$3:$D$107,$A41,'Shuffled Matches'!$L$3:$L$107,"Team*",'Shuffled Matches'!$G$3:$G$107,"Mixed Doubles")+COUNTIFS('Shuffled Matches'!$E$3:$E$107,$A41,'Shuffled Matches'!$L$3:$L$107,"Team*",'Shuffled Matches'!$G$3:$G$107,"Mixed Doubles")-B41 -> 5 | D41: =2*B41 -> 0 | E41: =SUMIFS('Shuffled Matches'!$N$3:$N$107,'Shuffled Matches'!$D$3:$D$107,$A41,'Shuffled Matches'!$G$3:$G$107,"Mixed Doubles")+SUMIFS('Shuffled Matches'!$O$3:$O$107,'Shuffled Matches'!$E$3:$E$107,$A41,'Shuffled Matches'!$G$3:$G$107,"Mixed Doubles") -> 61 | F41: =SUMIFS('Shuffled Matches'!$O$3:$O$107,'Shuffled Matches'!$D$3:$D$107,$A41,'Shuffled Matches'!$G$3:$G$107,"Mixed Doubles")+SUMIFS('Shuffled Matches'!$N$3:$N$107,'Shuffled Matches'!$E$3:$E$107,$A41,'Shuffled Matches'!$G$3:$G$107,"Mixed Doubles") -> 105 | G41: =E41-F41 -> -44 | H41: =1+COUNTIF($D$36:$D$41,">"&D41)+COUNTIFS($D$36:$D$41,D41,$G$36:$G$41,">"&G41)+COUNTIFS($D$36:$D$41,D41,$G$36:$G$41,G41,$A$36:$A$41,"<"&A41) -> 6
A44: Men's Singles 1
A45: Team | B45: Wins | C45: Losses | D45: Points | E45: For | F45: Against | G45: Difference | H45: Rank
A46: Team 1 | B46: =COUNTIFS('Shuffled Matches'!$L$3:$L$107,$A46,'Shuffled Matches'!$G$3:$G$107,"Men's Singles 1") -> 3 | C46: =COUNTIFS('Shuffled Matches'!$D$3:$D$107,$A46,'Shuffled Matches'!$L$3:$L$107,"Team*",'Shuffled Matches'!$G$3:$G$107,"Men's Singles 1")+COUNTIFS('Shuffled Matches'!$E$3:$E$107,$A46,'Shuffled Matches'!$L$3:$L$107,"Team*",'Shuffled Matches'!$G$3:$G$107,"Men's Singles 1")-B46 -> 2 | D46: =2*B46 -> 6 | E46: =SUMIFS('Shuffled Matches'!$N$3:$N$107,'Shuffled Matches'!$D$3:$D$107,$A46,'Shuffled Matches'!$G$3:$G$107,"Men's Singles 1")+SUMIFS('Shuffled Matches'!$O$3:$O$107,'Shuffled Matches'!$E$3:$E$107,$A46,'Shuffled Matches'!$G$3:$G$107,"Men's Singles 1") -> 89 | F46: =SUMIFS('Shuffled Matches'!$O$3:$O$107,'Shuffled Matches'!$D$3:$D$107,$A46,'Shuffled Matches'!$G$3:$G$107,"Men's Singles 1")+SUMIFS('Shuffled Matches'!$N$3:$N$107,'Shuffled Matches'!$E$3:$E$107,$A46,'Shuffled Matches'!$G$3:$G$107,"Men's Singles 1") -> 86 | G46: =E46-F46 -> 3 | H46: =1+COUNTIF($D$46:$D$51,">"&D46)+COUNTIFS($D$46:$D$51,D46,$G$46:$G$51,">"&G46)+COUNTIFS($D$46:$D$51,D46,$G$46:$G$51,G46,$A$46:$A$51,"<"&A46) -> 3
A47: Team 2 | B47: =COUNTIFS('Shuffled Matches'!$L$3:$L$107,$A47,'Shuffled Matches'!$G$3:$G$107,"Men's Singles 1") -> 0 | C47: =COUNTIFS('Shuffled Matches'!$D$3:$D$107,$A47,'Shuffled Matches'!$L$3:$L$107,"Team*",'Shuffled Matches'!$G$3:$G$107,"Men's Singles 1")+COUNTIFS('Shuffled Matches'!$E$3:$E$107,$A47,'Shuffled Matches'!$L$3:$L$107,"Team*",'Shuffled Matches'!$G$3:$G$107,"Men's Singles 1")-B47 -> 5 | D47: =2*B47 -> 0 | E47: =SUMIFS('Shuffled Matches'!$N$3:$N$107,'Shuffled Matches'!$D$3:$D$107,$A47,'Shuffled Matches'!$G$3:$G$107,"Men's Singles 1")+SUMIFS('Shuffled Matches'!$O$3:$O$107,'Shuffled Matches'!$E$3:$E$107,$A47,'Shuffled Matches'!$G$3:$G$107,"Men's Singles 1") -> 37 | F47: =SUMIFS('Shuffled Matches'!$O$3:$O$107,'Shuffled Matches'!$D$3:$D$107,$A47,'Shuffled Matches'!$G$3:$G$107,"Men's Singles 1")+SUMIFS('Shuffled Matches'!$N$3:$N$107,'Shuffled Matches'!$E$3:$E$107,$A47,'Shuffled Matches'!$G$3:$G$107,"Men's Singles 1") -> 105 | G47: =E47-F47 -> -68 | H47: =1+COUNTIF($D$46:$D$51,">"&D47)+COUNTIFS($D$46:$D$51,D47,$G$46:$G$51,">"&G47)+COUNTIFS($D$46:$D$51,D47,$G$46:$G$51,G47,$A$46:$A$51,"<"&A47) -> 6
A48: Team 3 | B48: =COUNTIFS('Shuffled Matches'!$L$3:$L$107,$A48,'Shuffled Matches'!$G$3:$G$107,"Men's Singles 1") -> 4 | C48: =COUNTIFS('Shuffled Matches'!$D$3:$D$107,$A48,'Shuffled Matches'!$L$3:$L$107,"Team*",'Shuffled Matches'!$G$3:$G$107,"Men's Singles 1")+COUNTIFS('Shuffled Matches'!$E$3:$E$107,$A48,'Shuffled Matches'!$L$3:$L$107,"Team*",'Shuffled Matches'!$G$3:$G$107,"Men's Singles 1")-B48 -> 1 | D48: =2*B48 -> 8 | E48: =SUMIFS('Shuffled Matches'!$N$3:$N$107,'Shuffled Matches'!$D$3:$D$107,$A48,'Shuffled Matches'!$G$3:$G$107,"Men's Singles 1")+SUMIFS('Shuffled Matches'!$O$3:$O$107,'Shuffled Matches'!$E$3:$E$107,$A48,'Shuffled Matches'!$G$3:$G$107,"Men's Singles 1") -> 98 | F48: =SUMIFS('Shuffled Matches'!$O$3:$O$107,'Shuffled Matches'!$D$3:$D$107,$A48,'Shuffled Matches'!$G$3:$G$107,"Men's Singles 1")+SUMIFS('Shuffled Matches'!$N$3:$N$107,'Shuffled Matches'!$E$3:$E$107,$A48,'Shuffled Matches'!$G$3:$G$107,"Men's Singles 1") -> 80 | G48: =E48-F48 -> 18 | H48: =1+COUNTIF($D$46:$D$51,">"&D48)+COUNTIFS($D$46:$D$51,D48,$G$46:$G$51,">"&G48)+COUNTIFS($D$46:$D$51,D48,$G$46:$G$51,G48,$A$46:$A$51,"<"&A48) -> 2
A49: Team 4 | B49: =COUNTIFS('Shuffled Matches'!$L$3:$L$107,$A49,'Shuffled Matches'!$G$3:$G$107,"Men's Singles 1") -> 2 | C49: =COUNTIFS('Shuffled Matches'!$D$3:$D$107,$A49,'Shuffled Matches'!$L$3:$L$107,"Team*",'Shuffled Matches'!$G$3:$G$107,"Men's Singles 1")+COUNTIFS('Shuffled Matches'!$E$3:$E$107,$A49,'Shuffled Matches'!$L$3:$L$107,"Team*",'Shuffled Matches'!$G$3:$G$107,"Men's Singles 1")-B49 -> 3 | D49: =2*B49 -> 4 | E49: =SUMIFS('Shuffled Matches'!$N$3:$N$107,'Shuffled Matches'!$D$3:$D$107,$A49,'Shuffled Matches'!$G$3:$G$107,"Men's Singles 1")+SUMIFS('Shuffled Matches'!$O$3:$O$107,'Shuffled Matches'!$E$3:$E$107,$A49,'Shuffled Matches'!$G$3:$G$107,"Men's Singles 1") -> 83 | F49: =SUMIFS('Shuffled Matches'!$O$3:$O$107,'Shuffled Matches'!$D$3:$D$107,$A49,'Shuffled Matches'!$G$3:$G$107,"Men's Singles 1")+SUMIFS('Shuffled Matches'!$N$3:$N$107,'Shuffled Matches'!$E$3:$E$107,$A49,'Shuffled Matches'!$G$3:$G$107,"Men's Singles 1") -> 81 | G49: =E49-F49 -> 2 | H49: =1+COUNTIF($D$46:$D$51,">"&D49)+COUNTIFS($D$46:$D$51,D49,$G$46:$G$51,">"&G49)+COUNTIFS($D$46:$D$51,D49,$G$46:$G$51,G49,$A$46:$A$51,"<"&A49) -> 5
A50: Team 5 | B50: =COUNTIFS('Shuffled Matches'!$L$3:$L$107,$A50,'Shuffled Matches'!$G$3:$G$107,"Men's Singles 1") -> 4 | C50: =COUNTIFS('Shuffled Matches'!$D$3:$D$107,$A50,'Shuffled Matches'!$L$3:$L$107,"Team*",'Shuffled Matches'!$G$3:$G$107,"Men's Singles 1")+COUNTIFS('Shuffled Matches'!$E$3:$E$107,$A50,'Shuffled Matches'!$L$3:$L$107,"Team*",'Shuffled Matches'!$G$3:$G$107,"Men's Singles 1")-B50 -> 1 | D50: =2*B50 -> 8 | E50: =SUMIFS('Shuffled Matches'!$N$3:$N$107,'Shuffled Matches'!$D$3:$D$107,$A50,'Shuffled Matches'!$G$3:$G$107,"Men's Singles 1")+SUMIFS('Shuffled Matches'!$O$3:$O$107,'Shuffled Matches'!$E$3:$E$107,$A50,'Shuffled Matches'!$G$3:$G$107,"Men's Singles 1") -> 99 | F50: =SUMIFS('Shuffled Matches'!$O$3:$O$107,'Shuffled Matches'!$D$3:$D$107,$A50,'Shuffled Matches'!$G$3:$G$107,"Men's Singles 1")+SUMIFS('Shuffled Matches'!$N$3:$N$107,'Shuffled Matches'!$E$3:$E$107,$A50,'Shuffled Matches'!$G$3:$G$107,"Men's Singles 1") -> 71 | G50: =E50-F50 -> 28 | H50: =1+COUNTIF($D$46:$D$51,">"&D50)+COUNTIFS($D$46:$D$51,D50,$G$46:$G$51,">"&G50)+COUNTIFS($D$46:$D$51,D50,$G$46:$G$51,G50,$A$46:$A$51,"<"&A50) -> 1
